filename,left,top,right,bottom
free-photo-of-beige-leather-shoesjpegautocompresscstinysrgbdpr1w500_00000636.jpg,146,233,344,487
free-photo-of-blue-leather-shoesjpegautocompresscstinysrgbdpr1w500_00002091.jpg,117,266,382,599
free-photo-of-close-up-of-person-in-sneakers-standing-on-wooden-surfacejpegautocompresscstinysrgbdpr1w500_00002081.jpg,51,234,463,540
free-photo-of-fashion-people-woman-girljpegautocompresscstinysrgbdpr1w500_00000624.jpg,29,166,500,682
free-photo-of-person-legs-in-sneakers-on-groundjpegautocompresscstinysrgbdpr1w500_00001390.jpg,121,380,426,588
free-photo-of-person-on-wooden-bech-wearing-black-sandalsjpegautocompresscstinysrgbdpr1w500_00000621.jpg,221,74,442,262
free-photo-of-person-standing-on-brick-sidewalkjpegautocompresscstinysrgbdpr1w500_00001410.jpg,126,525,338,769
free-photo-of-person-wearing-black-pants-and-vans-shoesjpegautocompresscstinysrgbdpr1w500_00000553.jpg,73,109,378,531
free-photo-of-photo-of-legs-in-jeans-and-sneakersjpegautocompresscstinysrgbdpr1w500_00000812.jpg,108,226,393,616
free-photo-of-shoes-of-a-person-standing-on-fallen-leavesjpegautocompresscstinysrgbdpr1w500_00001606.jpg,143,244,362,408
gym-exercise-fitness-workout-47084jpegautocompresscstinysrgbdpr1w500_00000206.jpg,4,42,217,247
high-jump-track-field-competitionjpgautocompresscstinysrgbdpr1w500_00001613.jpg,143,195,427,333
man-person-legs-grassjpgautocompresscstinysrgbdpr1w500_00000557.jpg,94,123,310,245
man-person-legs-grassjpgautocompresscstinysrgbdpr1w500_00000575.jpg,165,111,368,281
nature-people-legs-summerjpgautocompresscstinysrgbdpr1w500_00001349.jpg,113,56,301,244
person-woman-girl-vintagejpgautocompresscstinysrgbdpr1w500_00000680.jpg,92,255,322,323
pexels-photo-10002660jpegautocompresscstinysrgbdpr1w500_00001376.jpg,65,68,315,269
pexels-photo-1000483jpegautocompresscstinysrgbdpr1w500_00001634.jpg,191,168,326,300
pexels-photo-10040947jpegautocompresscstinysrgbdpr1w500_00000762.jpg,238,552,349,626
pexels-photo-1005431jpegautocompresscstinysrgbdpr1w500_00000950.jpg,48,435,256,565
pexels-photo-1006105jpegautocompresscstinysrgbdpr1w500_00001077.jpg,99,173,272,266
pexels-photo-1007019jpegautocompresscstinysrgbdpr1w500_00000116.jpg,138,484,365,732
pexels-photo-10077898jpegautocompresscstinysrgbdpr1w500_00001369.jpg,1,263,403,585
pexels-photo-10078139jpegautocompresscstinysrgbdpr1w500_00001518.jpg,108,346,306,504
pexels-photo-10133569jpegautocompresscstinysrgbdpr1w500_00001512.jpg,183,184,357,276
pexels-photo-10177871jpegautocompresscstinysrgbdpr1w500_00001836.jpg,161,94,469,687
pexels-photo-1018911jpegautocompresscstinysrgbdpr1w500_00000037.jpg,137,646,257,744
pexels-photo-10190270jpegautocompresscstinysrgbdpr1w500_00001305.jpg,140,139,321,317
pexels-photo-10197576jpegautocompresscstinysrgbdpr1w500_00001513.jpg,189,622,500,750
pexels-photo-10200552jpegautocompresscstinysrgbdpr1w500_00000257.jpg,45,367,301,673
pexels-photo-1021145jpegautocompresscstinysrgbdpr1w500_00000041.jpg,0,1,0,1
pexels-photo-10213392jpegautocompresscstinysrgbdpr1w500_00000728.jpg,183,504,369,747
pexels-photo-1024032jpegautocompresscstinysrgbdpr1w500_00000887.jpg,109,576,407,740
pexels-photo-1024036jpegautocompresscstinysrgbdpr1w500_00000040.jpg,142,563,438,733
pexels-photo-1024052jpegautocompresscstinysrgbdpr1w500_00000304.jpg,303,249,498,333
pexels-photo-10247184jpegautocompresscstinysrgbdpr1w500_00000737.jpg,89,501,398,698
pexels-photo-1025127jpegautocompresscstinysrgbdpr1w500_00001204.jpg,61,34,484,584
pexels-photo-10254325jpegautocompresscstinysrgbdpr1w500_00000856.jpg,138,328,450,541
pexels-photo-10257963jpegautocompresscstinysrgbdpr1w500_00002027.jpg,70,438,493,663
pexels-photo-10356869jpegautocompresscstinysrgbdpr1w500_00001323.jpg,157,326,490,680
pexels-photo-1035691jpegautocompresscstinysrgbdpr1w500_00000066.jpg,186,578,301,728
pexels-photo-10366229jpegautocompresscstinysrgbdpr1w500_00001519.jpg,197,631,287,694
pexels-photo-10373341jpegautocompresscstinysrgbdpr1w500_00000738.jpg,31,215,500,552
pexels-photo-10397638jpegautocompresscstinysrgbdpr1w500_00001810.jpg,83,589,370,750
pexels-photo-10399053jpegautocompresscstinysrgbdpr1w500_00001520.jpg,145,143,246,246
pexels-photo-1040425jpegautocompresscstinysrgbdpr1w500_00001165.jpg,106,128,385,324
pexels-photo-1040427jpegautocompresscstinysrgbdpr1w500_00000098.jpg,33,131,308,750
pexels-photo-10433616jpegautocompresscstinysrgbdpr1w500_00000733.jpg,234,152,500,299
pexels-photo-10440250jpegautocompresscstinysrgbdpr1w500_00001515.jpg,70,44,399,598
pexels-photo-10493964jpegautocompresscstinysrgbdpr1w500_00001521.jpg,150,627,500,860
pexels-photo-10499289jpegautocompresscstinysrgbdpr1w500_00000258.jpg,54,277,345,418
pexels-photo-10499292jpegautocompresscstinysrgbdpr1w500_00001027.jpg,140,211,221,274
pexels-photo-1050543jpegautocompresscstinysrgbdpr1w500_00001668.jpg,154,223,268,294
pexels-photo-10540574jpegautocompresscstinysrgbdpr1w500_00000740.jpg,162,405,444,685
pexels-photo-10541233jpegautocompresscstinysrgbdpr1w500_00000741.jpg,150,38,360,118
pexels-photo-1054250jpegautocompresscstinysrgbdpr1w500_00001787.jpg,214,543,308,619
pexels-photo-10542732jpegautocompresscstinysrgbdpr1w500_00000734.jpg,120,248,174,301
pexels-photo-10546971jpegautocompresscstinysrgbdpr1w500_00001516.jpg,20,628,500,750
pexels-photo-1055280jpegautocompresscstinysrgbdpr1w500_00000088.jpg,82,600,394,732
pexels-photo-10553847jpegautocompresscstinysrgbdpr1w500_00000877.jpg,177,94,317,198
pexels-photo-10570233jpegautocompresscstinysrgbdpr1w500_00000561.jpg,138,168,401,431
pexels-photo-1057075jpegautocompresscstinysrgbdpr1w500_00001974.jpg,171,680,316,750
pexels-photo-1057078jpegautocompresscstinysrgbdpr1w500_00000427.jpg,239,653,342,729
pexels-photo-10577265jpegautocompresscstinysrgbdpr1w500_00002098.jpg,36,416,464,631
pexels-photo-10597920jpegautocompresscstinysrgbdpr1w500_00001026.jpg,194,124,381,708
pexels-photo-10599877jpegautocompresscstinysrgbdpr1w500_00001522.jpg,186,307,476,683
pexels-photo-1061622jpegautocompresscstinysrgbdpr1w500_00001078.jpg,259,65,404,333
pexels-photo-1070341jpegautocompresscstinysrgbdpr1w500_00000180.jpg,82,459,464,750
pexels-photo-10717874jpegautocompresscstinysrgbdpr1w500_00000742.jpg,1,342,453,737
pexels-photo-10734465jpegautocompresscstinysrgbdpr1w500_00001370.jpg,157,386,331,562
pexels-photo-1075853jpegautocompresscstinysrgbdpr1w500_00000803.jpg,5,559,460,750
pexels-photo-10774392jpegautocompresscstinysrgbdpr1w500_00001523.jpg,240,587,349,744
pexels-photo-10775796jpegautocompresscstinysrgbdpr1w500_00000735.jpg,175,479,329,626
pexels-photo-10776062jpegautocompresscstinysrgbdpr1w500_00000743.jpg,495,321,495,321
pexels-photo-107949jpegautocompresscstinysrgbdpr1w500_00001845.jpg,73,72,252,239
pexels-photo-10821014jpegautocompresscstinysrgbdpr1w500_00001631.jpg,193,501,308,584
pexels-photo-1083371jpegautocompresscstinysrgbdpr1w500_00000305.jpg,109,0,360,231
pexels-photo-10845672jpegautocompresscstinysrgbdpr1w500_00001517.jpg,149,218,330,419
pexels-photo-10903180jpegautocompresscstinysrgbdpr1w500_00000736.jpg,164,256,361,327
pexels-photo-10912026jpegautocompresscstinysrgbdpr1w500_00001306.jpg,69,249,274,567
pexels-photo-1092871jpegautocompresscstinysrgbdpr1w500_00001939.jpg,239,79,414,200
pexels-photo-1092872jpegautocompresscstinysrgbdpr1w500_00000389.jpg,25,48,214,207
pexels-photo-1092873jpegautocompresscstinysrgbdpr1w500_00001691.jpg,190,101,381,214
pexels-photo-1092874jpegautocompresscstinysrgbdpr1w500_00001596.jpg,82,163,294,300
pexels-photo-1092877jpegautocompresscstinysrgbdpr1w500_00001770.jpg,192,80,414,200
pexels-photo-1092884jpegautocompresscstinysrgbdpr1w500_00001166.jpg,91,132,273,287
pexels-photo-1092885jpegautocompresscstinysrgbdpr1w500_00001940.jpg,19,62,200,206
pexels-photo-1097396jpegautocompresscstinysrgbdpr1w500_00001732.jpg,39,266,492,734
pexels-photo-1097402jpegautocompresscstinysrgbdpr1w500_00001079.jpg,53,570,243,676
pexels-photo-1099229jpegautocompresscstinysrgbdpr1w500_00001771.jpg,123,179,368,462
pexels-photo-10997058jpegautocompresscstinysrgbdpr1w500_00000599.jpg,168,255,350,552
pexels-photo-11030954pngautocompresscstinysrgbdpr1w500_00001377.jpg,59,268,422,629
pexels-photo-1103830jpegautocompresscstinysrgbdpr1w500_00001577.jpg,96,316,360,488
pexels-photo-11041725jpegautocompresscstinysrgbdpr1w500_00001403.jpg,157,423,348,531
pexels-photo-11077572jpegautocompresscstinysrgbdpr1w500_00001536.jpg,129,52,323,246
pexels-photo-1108602jpegautocompresscstinysrgbdpr1w500_00001635.jpg,287,252,417,332
pexels-photo-11115973jpegautocompresscstinysrgbdpr1w500_00001524.jpg,123,441,392,710
pexels-photo-11124572jpegautocompresscstinysrgbdpr1w500_00001537.jpg,96,219,385,323
pexels-photo-11125772jpegautocompresscstinysrgbdpr1w500_00000763.jpg,16,432,455,625
pexels-photo-11157452jpegautocompresscstinysrgbdpr1w500_00001811.jpg,88,417,363,564
pexels-photo-1117718jpegautocompresscstinysrgbdpr1w500_00000306.jpg,61,171,261,325
pexels-photo-1122605jpegautocompresscstinysrgbdpr1w500_00001003.jpg,52,132,475,313
pexels-photo-1123985jpegautocompresscstinysrgbdpr1w500_00001636.jpg,132,157,323,255
pexels-photo-11250772jpegautocompresscstinysrgbdpr1w500_00001371.jpg,190,456,321,509
pexels-photo-1126999jpegautocompresscstinysrgbdpr1w500_00000236.jpg,139,627,437,750
pexels-photo-11282075jpegautocompresscstinysrgbdpr1w500_00001538.jpg,217,559,295,608
pexels-photo-1128493jpegautocompresscstinysrgbdpr1w500_00000951.jpg,11,160,439,333
pexels-photo-11289540jpegautocompresscstinysrgbdpr1w500_00000748.jpg,173,590,316,705
pexels-photo-11332376jpegautocompresscstinysrgbdpr1w500_00000605.jpg,72,339,396,645
pexels-photo-11366001jpegautocompresscstinysrgbdpr1w500_00000764.jpg,212,154,372,228
pexels-photo-1139647jpegautocompresscstinysrgbdpr1w500_00001856.jpg,143,631,350,722
pexels-photo-1144673jpegautocompresscstinysrgbdpr1w500_00000181.jpg,159,381,321,540
pexels-photo-1151067jpegautocompresscstinysrgbdpr1w500_00001004.jpg,83,55,470,297
pexels-photo-1153838jpegautocompresscstinysrgbdpr1w500_00001669.jpg,82,58,429,268
pexels-photo-11608651jpegautocompresscstinysrgbdpr1w500_00001028.jpg,45,442,480,691
pexels-photo-1161748jpegautocompresscstinysrgbdpr1w500_00000987.jpg,9,579,412,721
pexels-photo-1161749jpegautocompresscstinysrgbdpr1w500_00000216.jpg,96,574,327,693
pexels-photo-11630235pngautocompresscstinysrgbdpr1w500_00002090.jpg,138,176,335,358
pexels-photo-1165581jpegautocompresscstinysrgbdpr1w500_00000390.jpg,152,550,341,734
pexels-photo-11670233jpegautocompresscstinysrgbdpr1w500_00000606.jpg,118,387,362,646
pexels-photo-11670256jpegautocompresscstinysrgbdpr1w500_00001525.jpg,177,447,343,603
pexels-photo-11687184jpegautocompresscstinysrgbdpr1w500_00002106.jpg,178,259,485,570
pexels-photo-11716436jpegautocompresscstinysrgbdpr1w500_00001402.jpg,15,579,469,740
pexels-photo-1172289jpegautocompresscstinysrgbdpr1w500_00000117.jpg,116,385,453,705
pexels-photo-11761543jpegautocompresscstinysrgbdpr1w500_00000632.jpg,39,144,465,483
pexels-photo-1176479jpegautocompresscstinysrgbdpr1w500_00001080.jpg,143,210,422,504
pexels-photo-11891593jpegautocompresscstinysrgbdpr1w500_00000619.jpg,141,89,352,251
pexels-photo-12002581jpegautocompresscstinysrgbdpr1w500_00000631.jpg,84,381,450,670
pexels-photo-1202128jpegautocompresscstinysrgbdpr1w500_00000308.jpg,163,63,370,279
pexels-photo-1202518jpegautocompresscstinysrgbdpr1w500_00001857.jpg,16,78,500,271
pexels-photo-1205033jpegautocompresscstinysrgbdpr1w500_00000004.jpg,118,540,491,746
pexels-photo-1207122jpegautocompresscstinysrgbdpr1w500_00000309.jpg,40,115,466,322
pexels-photo-1207497jpegautocompresscstinysrgbdpr1w500_00001167.jpg,27,492,341,698
pexels-photo-12123467jpegautocompresscstinysrgbdpr1w500_00000618.jpg,106,280,473,482
pexels-photo-1216347jpegautocompresscstinysrgbdpr1w500_00001941.jpg,112,164,237,301
pexels-photo-1216350jpegautocompresscstinysrgbdpr1w500_00001772.jpg,42,91,288,258
pexels-photo-1216704jpegautocompresscstinysrgbdpr1w500_00001942.jpg,180,33,414,265
pexels-photo-12184819jpegautocompresscstinysrgbdpr1w500_00000567.jpg,46,287,403,522
pexels-photo-12222536jpegautocompresscstinysrgbdpr1w500_00001389.jpg,161,410,340,548
pexels-photo-1222547jpegautocompresscstinysrgbdpr1w500_00001081.jpg,119,374,295,680
pexels-photo-12231526jpegautocompresscstinysrgbdpr1w500_00002072.jpg,176,323,309,552
pexels-photo-1228626jpegautocompresscstinysrgbdpr1w500_00000835.jpg,30,160,490,304
pexels-photo-1233257jpegautocompresscstinysrgbdpr1w500_00001943.jpg,1,183,500,527
pexels-photo-1235510jpegautocompresscstinysrgbdpr1w500_00000391.jpg,171,141,325,243
pexels-photo-12380773jpegautocompresscstinysrgbdpr1w500_00000552.jpg,83,105,377,435
pexels-photo-1239400jpegautocompresscstinysrgbdpr1w500_00000988.jpg,250,117,474,245
pexels-photo-12417688jpegautocompresscstinysrgbdpr1w500_00000278.jpg,112,237,400,682
pexels-photo-12422948jpegautocompresscstinysrgbdpr1w500_00001387.jpg,159,348,340,594
pexels-photo-12484292jpegautocompresscstinysrgbdpr1w500_00001721.jpg,34,198,500,655
pexels-photo-12522580jpegautocompresscstinysrgbdpr1w500_00001325.jpg,171,92,334,220
pexels-photo-1253845jpegautocompresscstinysrgbdpr1w500_00001670.jpg,182,477,375,680
pexels-photo-1257245jpegautocompresscstinysrgbdpr1w500_00001592.jpg,173,227,499,376
pexels-photo-1260217jpegautocompresscstinysrgbdpr1w500_00000310.jpg,184,375,296,446
pexels-photo-1260226jpegautocompresscstinysrgbdpr1w500_00001082.jpg,151,561,309,683
pexels-photo-1260599jpegautocompresscstinysrgbdpr1w500_00000008.jpg,251,22,396,143
pexels-photo-12645601jpegautocompresscstinysrgbdpr1w500_00001398.jpg,38,407,456,584
pexels-photo-12659352jpegautocompresscstinysrgbdpr1w500_00001401.jpg,111,9,397,195
pexels-photo-1266223jpegautocompresscstinysrgbdpr1w500_00001734.jpg,97,101,310,188
pexels-photo-1272366jpegautocompresscstinysrgbdpr1w500_00001975.jpg,170,170,500,500
pexels-photo-1272368jpegautocompresscstinysrgbdpr1w500_00001168.jpg,5,24,398,288
pexels-photo-1275690jpegautocompresscstinysrgbdpr1w500_00001205.jpg,57,26,475,311
pexels-photo-1276548jpegautocompresscstinysrgbdpr1w500_00001206.jpg,187,116,334,216
pexels-photo-12793091jpegautocompresscstinysrgbdpr1w500_00001397.jpg,106,79,437,205
pexels-photo-128299jpegautocompresscstinysrgbdpr1w500_00000074.jpg,106,131,343,281
pexels-photo-12839595jpegautocompresscstinysrgbdpr1w500_00000627.jpg,55,267,456,731
pexels-photo-12848435jpegautocompresscstinysrgbdpr1w500_00000630.jpg,201,186,340,317
pexels-photo-12915426pngautocompresscstinysrgbdpr1w500_00001399.jpg,5,463,498,744
pexels-photo-12932234jpegautocompresscstinysrgbdpr1w500_00000628.jpg,91,301,422,697
pexels-photo-12932256jpegautocompresscstinysrgbdpr1w500_00001400.jpg,198,584,382,743
pexels-photo-13027888jpegautocompresscstinysrgbdpr1w500_00000629.jpg,185,356,346,486
pexels-photo-1302940jpegautocompresscstinysrgbdpr1w500_00001005.jpg,200,112,365,237
pexels-photo-1306248jpegautocompresscstinysrgbdpr1w500_00001590.jpg,141,331,390,698
pexels-photo-1308324jpegautocompresscstinysrgbdpr1w500_00001990.jpg,43,71,340,295
pexels-photo-13130897jpegautocompresscstinysrgbdpr1w500_00002084.jpg,76,329,426,728
pexels-photo-1321875jpegautocompresscstinysrgbdpr1w500_00001988.jpg,115,144,348,271
pexels-photo-1329501jpegautocompresscstinysrgbdpr1w500_00001989.jpg,259,601,417,727
pexels-photo-1329504jpegautocompresscstinysrgbdpr1w500_00000443.jpg,194,514,340,736
pexels-photo-1329507jpegautocompresscstinysrgbdpr1w500_00001219.jpg,152,505,317,746
pexels-photo-1346187jpegautocompresscstinysrgbdpr1w500_00000828.jpg,122,491,361,698
pexels-photo-13565066pngautocompresscstinysrgbdpr1w500_00001340.jpg,121,277,446,497
pexels-photo-1360146jpegautocompresscstinysrgbdpr1w500_00000922.jpg,31,303,490,731
pexels-photo-1361816jpegautocompresscstinysrgbdpr1w500_00001791.jpg,207,110,285,167
pexels-photo-1373085jpegautocompresscstinysrgbdpr1w500_00001653.jpg,135,150,382,549
pexels-photo-13804767jpegautocompresscstinysrgbdpr1w500_00000564.jpg,105,184,264,324
pexels-photo-1383448jpegautocompresscstinysrgbdpr1w500_00000444.jpg,15,426,444,710
pexels-photo-13839773jpegautocompresscstinysrgbdpr1w500_00001341.jpg,103,159,357,301
pexels-photo-1391450jpegautocompresscstinysrgbdpr1w500_00000240.jpg,49,194,462,329
pexels-photo-1391466jpegautocompresscstinysrgbdpr1w500_00000445.jpg,15,215,312,319
pexels-photo-1394882jpegautocompresscstinysrgbdpr1w500_00002082.jpg,123,614,345,732
pexels-photo-1396880jpegautocompresscstinysrgbdpr1w500_00001992.jpg,155,577,338,690
pexels-photo-1398037jpegautocompresscstinysrgbdpr1w500_00001792.jpg,35,119,405,274
pexels-photo-14066742jpegautocompresscstinysrgbdpr1w500_00000625.jpg,8,71,420,302
pexels-photo-1415145jpegautocompresscstinysrgbdpr1w500_00001221.jpg,86,276,298,345
pexels-photo-1416377jpegautocompresscstinysrgbdpr1w500_00000804.jpg,194,611,324,746
pexels-photo-1423863jpegautocompresscstinysrgbdpr1w500_00000954.jpg,48,555,423,646
pexels-photo-1426099jpegautocompresscstinysrgbdpr1w500_00001865.jpg,158,88,367,242
pexels-photo-1426100jpegautocompresscstinysrgbdpr1w500_00001748.jpg,115,124,409,266
pexels-photo-142837jpegautocompresscstinysrgbdpr1w500_00000417.jpg,113,174,371,322
pexels-photo-1432034jpegautocompresscstinysrgbdpr1w500_00000408.jpg,188,120,372,310
pexels-photo-1432035jpegautocompresscstinysrgbdpr1w500_00001958.jpg,72,23,378,192
pexels-photo-1437149jpegautocompresscstinysrgbdpr1w500_00000409.jpg,75,44,383,278
pexels-photo-1437917jpegautocompresscstinysrgbdpr1w500_00001866.jpg,193,181,299,278
pexels-photo-1438680jpegautocompresscstinysrgbdpr1w500_00000042.jpg,172,366,309,565
pexels-photo-1438680jpegautocompresscstinysrgbdpr1w500_00000784.jpg,158,377,313,579
pexels-photo-14390062jpegautocompresscstinysrgbdpr1w500_00000622.jpg,85,246,252,325
pexels-photo-14390695jpegautocompresscstinysrgbdpr1w500_00000623.jpg,131,422,252,732
pexels-photo-1440795jpegautocompresscstinysrgbdpr1w500_00000183.jpg,25,84,447,560
pexels-photo-1446524jpegautocompresscstinysrgbdpr1w500_00000836.jpg,301,51,384,286
pexels-photo-1446526jpegautocompresscstinysrgbdpr1w500_00000315.jpg,381,268,471,308
pexels-photo-14480136jpegautocompresscstinysrgbdpr1w500_00001391.jpg,162,535,300,685
pexels-photo-14496407jpegautocompresscstinysrgbdpr1w500_00001324.jpg,81,628,441,750
pexels-photo-14496421jpegautocompresscstinysrgbdpr1w500_00002101.jpg,206,648,332,736
pexels-photo-14526629jpegautocompresscstinysrgbdpr1w500_00000283.jpg,127,185,415,660
pexels-photo-14579478jpegautocompresscstinysrgbdpr1w500_00002107.jpg,182,465,320,625
pexels-photo-14617241jpegautocompresscstinysrgbdpr1w500_00001409.jpg,143,238,262,300
pexels-photo-1462231jpegautocompresscstinysrgbdpr1w500_00001684.jpg,195,181,500,356
pexels-photo-14637513jpegautocompresscstinysrgbdpr1w500_00000635.jpg,37,115,460,475
pexels-photo-1467167jpegautocompresscstinysrgbdpr1w500_00000980.jpg,161,191,377,309
pexels-photo-1467585jpegautocompresscstinysrgbdpr1w500_00001143.jpg,142,137,313,221
pexels-photo-14730229jpegautocompresscstinysrgbdpr1w500_00001396.jpg,83,521,368,709
pexels-photo-1473835jpegautocompresscstinysrgbdpr1w500_00000371.jpg,152,311,384,428
pexels-photo-14763063jpegautocompresscstinysrgbdpr1w500_00000626.jpg,106,397,422,669
pexels-photo-14768509jpegautocompresscstinysrgbdpr1w500_00001318.jpg,114,276,383,670
pexels-photo-1477538jpegautocompresscstinysrgbdpr1w500_00001618.jpg,232,149,403,276
pexels-photo-1478441jpegautocompresscstinysrgbdpr1w500_00000130.jpg,90,93,399,266
pexels-photo-14791466jpegautocompresscstinysrgbdpr1w500_00000527.jpg,88,375,385,609
pexels-photo-1496918jpegautocompresscstinysrgbdpr1w500_00001413.jpg,36,85,321,297
pexels-photo-1524145jpegautocompresscstinysrgbdpr1w500_00000955.jpg,91,494,376,680
pexels-photo-1530220jpegautocompresscstinysrgbdpr1w500_00001085.jpg,155,464,342,690
pexels-photo-1537494jpegautocompresscstinysrgbdpr1w500_00000023.jpg,81,587,378,723
pexels-photo-1537501jpegautocompresscstinysrgbdpr1w500_00000119.jpg,134,525,445,750
pexels-photo-1539098jpegautocompresscstinysrgbdpr1w500_00000208.jpg,183,224,287,332
pexels-photo-1544223jpegautocompresscstinysrgbdpr1w500_00001867.jpg,301,292,358,321
pexels-photo-1546593jpegautocompresscstinysrgbdpr1w500_00000316.jpg,181,373,336,540
pexels-photo-1546774jpegautocompresscstinysrgbdpr1w500_00001738.jpg,31,549,428,748
pexels-photo-1549179jpegautocompresscstinysrgbdpr1w500_00001144.jpg,139,260,195,314
pexels-photo-1550836jpegautocompresscstinysrgbdpr1w500_00000900.jpg,211,620,315,749
pexels-photo-1553403jpegautocompresscstinysrgbdpr1w500_00001087.jpg,160,590,297,678
pexels-photo-1554099jpegautocompresscstinysrgbdpr1w500_00000185.jpg,2,146,500,333
pexels-photo-1556668jpegautocompresscstinysrgbdpr1w500_00001086.jpg,199,147,406,265
pexels-photo-1556673jpegautocompresscstinysrgbdpr1w500_00000184.jpg,180,112,362,215
pexels-photo-1556712jpegautocompresscstinysrgbdpr1w500_00000317.jpg,84,143,246,251
pexels-photo-1561010jpegautocompresscstinysrgbdpr1w500_00000318.jpg,89,454,447,605
pexels-photo-1562491jpegautocompresscstinysrgbdpr1w500_00001918.jpg,77,93,378,236
pexels-photo-1570867jpegautocompresscstinysrgbdpr1w500_00000994.jpg,56,101,470,272
pexels-photo-1576909jpegautocompresscstinysrgbdpr1w500_00001869.jpg,65,222,354,567
pexels-photo-1577880jpegautocompresscstinysrgbdpr1w500_00000101.jpg,142,538,367,709
pexels-photo-1578839jpegautocompresscstinysrgbdpr1w500_00000913.jpg,214,654,372,726
pexels-photo-1579043jpegautocompresscstinysrgbdpr1w500_00000995.jpg,82,2,493,319
pexels-photo-1601313jpegautocompresscstinysrgbdpr1w500_00000372.jpg,123,311,389,555
pexels-photo-1615799jpegautocompresscstinysrgbdpr1w500_00000007.jpg,102,4,305,253
pexels-photo-1627818jpegautocompresscstinysrgbdpr1w500_00000186.jpg,47,621,301,739
pexels-photo-1627819jpegautocompresscstinysrgbdpr1w500_00000956.jpg,48,634,338,745
pexels-photo-1627820jpegautocompresscstinysrgbdpr1w500_00001870.jpg,84,621,295,712
pexels-photo-1627821jpegautocompresscstinysrgbdpr1w500_00001089.jpg,156,592,345,665
pexels-photo-1631786jpegautocompresscstinysrgbdpr1w500_00001761.jpg,155,103,342,246
pexels-photo-1633015jpegautocompresscstinysrgbdpr1w500_00000319.jpg,157,175,348,298
pexels-photo-1636375jpegautocompresscstinysrgbdpr1w500_00001145.jpg,184,72,343,328
pexels-photo-1638336jpegautocompresscstinysrgbdpr1w500_00000823.jpg,87,143,151,210
pexels-photo-1639834jpegautocompresscstinysrgbdpr1w500_00000320.jpg,85,373,355,718
pexels-photo-1651446jpegautocompresscstinysrgbdpr1w500_00001871.jpg,263,594,456,724
pexels-photo-1654338jpegautocompresscstinysrgbdpr1w500_00001897.jpg,72,27,218,77
pexels-photo-1655736jpegautocompresscstinysrgbdpr1w500_00000838.jpg,57,180,329,375
pexels-photo-1656702jpegautocompresscstinysrgbdpr1w500_00000195.jpg,117,110,368,420
pexels-photo-1662366jpegautocompresscstinysrgbdpr1w500_00001898.jpg,75,326,386,613
pexels-photo-1667484jpegautocompresscstinysrgbdpr1w500_00000969.jpg,156,115,331,209
pexels-photo-1667502jpegautocompresscstinysrgbdpr1w500_00001749.jpg,113,9,333,347
pexels-photo-1668034jpegautocompresscstinysrgbdpr1w500_00000970.jpg,147,146,412,310
pexels-photo-167706jpegautocompresscstinysrgbdpr1w500_00000094.jpg,186,50,417,229
pexels-photo-1684326jpegautocompresscstinysrgbdpr1w500_00001739.jpg,122,577,298,715
pexels-photo-1684328jpegautocompresscstinysrgbdpr1w500_00000325.jpg,198,255,335,333
pexels-photo-1684377jpegautocompresscstinysrgbdpr1w500_00000187.jpg,108,508,408,666
pexels-photo-168872jpegautocompresscstinysrgbdpr1w500_00001196.jpg,251,68,469,234
pexels-photo-1702622jpegautocompresscstinysrgbdpr1w500_00000837.jpg,98,636,232,706
pexels-photo-1702675jpegautocompresscstinysrgbdpr1w500_00000957.jpg,162,190,368,312
pexels-photo-1704683jpegautocompresscstinysrgbdpr1w500_00001326.jpg,139,104,319,350
pexels-photo-1735671jpegautocompresscstinysrgbdpr1w500_00000348.jpg,197,510,395,634
pexels-photo-1735704jpegautocompresscstinysrgbdpr1w500_00001115.jpg,102,571,473,695
pexels-photo-1750049jpegautocompresscstinysrgbdpr1w500_00000225.jpg,141,113,410,296
pexels-photo-1753047jpegautocompresscstinysrgbdpr1w500_00000139.jpg,107,263,422,413
pexels-photo-1755386jpegautocompresscstinysrgbdpr1w500_00000801.jpg,52,290,436,685
pexels-photo-1755789jpegautocompresscstinysrgbdpr1w500_00001959.jpg,180,402,413,769
pexels-photo-1755811jpegautocompresscstinysrgbdpr1w500_00000410.jpg,182,511,293,588
pexels-photo-1758150jpegautocompresscstinysrgbdpr1w500_00001750.jpg,155,111,368,286
pexels-photo-1763479jpegautocompresscstinysrgbdpr1w500_00001779.jpg,129,454,297,745
pexels-photo-1774842jpegautocompresscstinysrgbdpr1w500_00001872.jpg,70,139,436,333
pexels-photo-1777467jpegautocompresscstinysrgbdpr1w500_00001580.jpg,28,302,327,716
pexels-photo-1791187jpegautocompresscstinysrgbdpr1w500_00001091.jpg,179,111,378,285
pexels-photo-1808403jpegautocompresscstinysrgbdpr1w500_00000226.jpg,152,574,275,667
pexels-photo-1825116jpegautocompresscstinysrgbdpr1w500_00001187.jpg,154,56,287,189
pexels-photo-1826342jpegautocompresscstinysrgbdpr1w500_00001188.jpg,110,88,376,295
pexels-photo-1828119jpegautocompresscstinysrgbdpr1w500_00000411.jpg,75,524,446,649
pexels-photo-1838323jpegautocompresscstinysrgbdpr1w500_00000196.jpg,170,38,362,196
pexels-photo-1843872jpegautocompresscstinysrgbdpr1w500_00000349.jpg,35,37,201,236
pexels-photo-1843895jpegautocompresscstinysrgbdpr1w500_00001694.jpg,4,448,254,609
pexels-photo-1844132jpegautocompresscstinysrgbdpr1w500_00001645.jpg,0,597,208,750
pexels-photo-1845131jpegautocompresscstinysrgbdpr1w500_00001189.jpg,208,549,482,736
pexels-photo-1852078jpegautocompresscstinysrgbdpr1w500_00001900.jpg,120,353,388,632
pexels-photo-1854171jpegautocompresscstinysrgbdpr1w500_00000126.jpg,35,505,411,702
pexels-photo-185476jpegautocompresscstinysrgbdpr1w500_00000207.jpg,107,292,429,583
pexels-photo-185477jpegautocompresscstinysrgbdpr1w500_00001912.jpg,130,219,337,524
pexels-photo-1856993jpegautocompresscstinysrgbdpr1w500_00000996.jpg,310,413,425,474
pexels-photo-185709jpegautocompresscstinysrgbdpr1w500_00001682.jpg,171,205,331,302
pexels-photo-1857320jpegautocompresscstinysrgbdpr1w500_00001960.jpg,85,595,189,712
pexels-photo-1862836jpegautocompresscstinysrgbdpr1w500_00000871.jpg,130,604,378,682
pexels-photo-1863357jpegautocompresscstinysrgbdpr1w500_00000102.jpg,206,511,435,680
pexels-photo-1863476jpegautocompresscstinysrgbdpr1w500_00000140.jpg,173,624,299,750
pexels-photo-1865725jpegautocompresscstinysrgbdpr1w500_00000971.jpg,188,498,355,674
pexels-photo-1866926jpegautocompresscstinysrgbdpr1w500_00000914.jpg,100,593,379,726
pexels-photo-1867314jpegautocompresscstinysrgbdpr1w500_00000412.jpg,173,478,352,661
pexels-photo-1868582jpegautocompresscstinysrgbdpr1w500_00001190.jpg,0,540,257,685
pexels-photo-187572jpegautocompresscstinysrgbdpr1w500_00001197.jpg,47,19,223,221
pexels-photo-1886487jpegautocompresscstinysrgbdpr1w500_00000031.jpg,16,600,340,706
pexels-photo-1903905jpegautocompresscstinysrgbdpr1w500_00000413.jpg,194,643,348,719
pexels-photo-1904769jpegautocompresscstinysrgbdpr1w500_00000011.jpg,65,293,388,608
pexels-photo-1912600jpegautocompresscstinysrgbdpr1w500_00001873.jpg,154,232,317,348
pexels-photo-1914815jpegautocompresscstinysrgbdpr1w500_00000800.jpg,151,374,327,639
pexels-photo-1925532jpegautocompresscstinysrgbdpr1w500_00001780.jpg,24,104,272,263
pexels-photo-1928075jpegautocompresscstinysrgbdpr1w500_00001192.jpg,118,234,394,534
pexels-photo-1930421jpegautocompresscstinysrgbdpr1w500_00000227.jpg,114,168,364,279
pexels-photo-1942879jpegautocompresscstinysrgbdpr1w500_00000537.jpg,117,564,296,701
pexels-photo-1942880jpegautocompresscstinysrgbdpr1w500_00000070.jpg,48,123,328,316
pexels-photo-194913jpegautocompresscstinysrgbdpr1w500_00000857.jpg,131,194,347,374
pexels-photo-1958756jpegautocompresscstinysrgbdpr1w500_00001963.jpg,70,407,401,597
pexels-photo-1959029jpegautocompresscstinysrgbdpr1w500_00001450.jpg,140,171,340,296
pexels-photo-1963279jpegautocompresscstinysrgbdpr1w500_00001597.jpg,88,479,380,616
pexels-photo-1963641jpegautocompresscstinysrgbdpr1w500_00001781.jpg,51,284,463,466
pexels-photo-196666jpegautocompresscstinysrgbdpr1w500_00001320.jpg,172,134,316,220
pexels-photo-1986996jpegautocompresscstinysrgbdpr1w500_00001740.jpg,343,162,485,251
pexels-photo-1989836jpegautocompresscstinysrgbdpr1w500_00001741.jpg,26,496,492,670
pexels-photo-1996010jpegautocompresscstinysrgbdpr1w500_00000915.jpg,228,604,357,747
pexels-photo-1998846jpegautocompresscstinysrgbdpr1w500_00000414.jpg,139,539,369,750
pexels-photo-1999320jpegautocompresscstinysrgbdpr1w500_00001586.jpg,145,434,323,750
pexels-photo-2005992jpegautocompresscstinysrgbdpr1w500_00000813.jpg,86,50,435,312
pexels-photo-2016144jpegautocompresscstinysrgbdpr1w500_00001751.jpg,67,65,459,281
pexels-photo-2016146jpegautocompresscstinysrgbdpr1w500_00000350.jpg,197,90,416,239
pexels-photo-2016607jpegautocompresscstinysrgbdpr1w500_00001752.jpg,164,427,368,614
pexels-photo-2027494jpegautocompresscstinysrgbdpr1w500_00001117.jpg,93,499,448,734
pexels-photo-2031332jpegautocompresscstinysrgbdpr1w500_00001092.jpg,153,135,316,257
pexels-photo-2031335jpegautocompresscstinysrgbdpr1w500_00000890.jpg,88,50,396,307
pexels-photo-2034389jpegautocompresscstinysrgbdpr1w500_00001118.jpg,16,72,499,333
pexels-photo-2034438jpegautocompresscstinysrgbdpr1w500_00000352.jpg,109,494,332,736
pexels-photo-2056864jpegautocompresscstinysrgbdpr1w500_00000120.jpg,152,301,358,457
pexels-photo-2057484jpegautocompresscstinysrgbdpr1w500_00000188.jpg,54,234,500,615
pexels-photo-2061899jpegautocompresscstinysrgbdpr1w500_00000962.jpg,154,645,304,750
pexels-photo-2061902jpegautocompresscstinysrgbdpr1w500_00001093.jpg,159,566,253,667
pexels-photo-2062274jpegautocompresscstinysrgbdpr1w500_00000972.jpg,146,343,364,567
pexels-photo-2065964jpegautocompresscstinysrgbdpr1w500_00001612.jpg,177,554,440,730
pexels-photo-2068347jpegautocompresscstinysrgbdpr1w500_00001742.jpg,69,594,401,734
pexels-photo-2069925jpegautocompresscstinysrgbdpr1w500_00000891.jpg,167,397,338,615
pexels-photo-2072451jpegautocompresscstinysrgbdpr1w500_00001119.jpg,236,641,372,707
pexels-photo-2072453jpegautocompresscstinysrgbdpr1w500_00000864.jpg,142,598,287,669
pexels-photo-2072454jpegautocompresscstinysrgbdpr1w500_00001902.jpg,203,698,356,750
pexels-photo-208260jpegautocompresscstinysrgbdpr1w500_00001134.jpg,185,20,469,322
pexels-photo-2089774jpegautocompresscstinysrgbdpr1w500_00000997.jpg,155,332,338,471
pexels-photo-2090785jpegautocompresscstinysrgbdpr1w500_00000071.jpg,42,479,403,679
pexels-photo-209271jpegautocompresscstinysrgbdpr1w500_00001314.jpg,97,561,341,658
pexels-photo-2108739jpegautocompresscstinysrgbdpr1w500_00001964.jpg,307,537,461,649
pexels-photo-2112718jpegautocompresscstinysrgbdpr1w500_00001120.jpg,155,468,375,744
pexels-photo-2112721jpegautocompresscstinysrgbdpr1w500_00001903.jpg,3,496,275,742
pexels-photo-2112736jpegautocompresscstinysrgbdpr1w500_00000415.jpg,160,52,476,558
pexels-photo-2112753jpegautocompresscstinysrgbdpr1w500_00000548.jpg,2,101,449,514
pexels-photo-2122939jpegautocompresscstinysrgbdpr1w500_00001919.jpg,47,548,487,705
pexels-photo-2128379jpegautocompresscstinysrgbdpr1w500_00001121.jpg,72,31,420,304
pexels-photo-213228jpegautocompresscstinysrgbdpr1w500_00000419.jpg,76,115,403,287
pexels-photo-2162891jpegautocompresscstinysrgbdpr1w500_00000209.jpg,125,419,373,665
pexels-photo-217860jpegautocompresscstinysrgbdpr1w500_00001452.jpg,304,227,477,312
pexels-photo-2182522jpegautocompresscstinysrgbdpr1w500_00000373.jpg,94,570,358,708
pexels-photo-2210488jpegautocompresscstinysrgbdpr1w500_00001126.jpg,222,554,382,750
pexels-photo-221437jpegautocompresscstinysrgbdpr1w500_00001198.jpg,164,133,362,300
pexels-photo-2225727jpegautocompresscstinysrgbdpr1w500_00000842.jpg,17,217,431,656
pexels-photo-2226673jpegautocompresscstinysrgbdpr1w500_00001147.jpg,105,210,407,597
pexels-photo-2231435jpegautocompresscstinysrgbdpr1w500_00000982.jpg,9,134,441,340
pexels-photo-2238962jpegautocompresscstinysrgbdpr1w500_00001619.jpg,105,416,436,637
pexels-photo-2250190jpegautocompresscstinysrgbdpr1w500_00001920.jpg,244,316,442,433
pexels-photo-2261484jpegautocompresscstinysrgbdpr1w500_00000082.jpg,46,96,480,235
pexels-photo-2261486jpegautocompresscstinysrgbdpr1w500_00000131.jpg,147,128,256,186
pexels-photo-2269683jpegautocompresscstinysrgbdpr1w500_00001148.jpg,133,246,287,312
pexels-photo-2272752jpegautocompresscstinysrgbdpr1w500_00001593.jpg,227,199,339,320
pexels-photo-2277602jpegautocompresscstinysrgbdpr1w500_00001921.jpg,104,174,432,623
pexels-photo-2287936jpegautocompresscstinysrgbdpr1w500_00000141.jpg,39,383,410,534
pexels-photo-2308499jpegautocompresscstinysrgbdpr1w500_00000973.jpg,59,216,495,595
pexels-photo-2310905jpegautocompresscstinysrgbdpr1w500_00001905.jpg,175,244,315,390
pexels-photo-2325297jpegautocompresscstinysrgbdpr1w500_00000963.jpg,90,311,314,582
pexels-photo-2326042jpegautocompresscstinysrgbdpr1w500_00000189.jpg,50,572,231,764
pexels-photo-233225jpegautocompresscstinysrgbdpr1w500_00001063.jpg,63,111,339,231
pexels-photo-2333853jpegautocompresscstinysrgbdpr1w500_00000132.jpg,79,319,372,631
pexels-photo-2335349jpegautocompresscstinysrgbdpr1w500_00001149.jpg,64,197,448,503
pexels-photo-2340980pngautocompresscstinysrgbdpr1w500_00000375.jpg,165,589,454,748
pexels-photo-2343661jpegautocompresscstinysrgbdpr1w500_00000228.jpg,169,558,365,727
pexels-photo-2343700jpegautocompresscstinysrgbdpr1w500_00001922.jpg,219,601,338,711
pexels-photo-234792jpegautocompresscstinysrgbdpr1w500_00000682.jpg,218,128,368,252
pexels-photo-2361998jpegautocompresscstinysrgbdpr1w500_00000202.jpg,228,223,495,435
pexels-photo-2380337jpegautocompresscstinysrgbdpr1w500_00000376.jpg,202,167,298,245
pexels-photo-2383199jpegautocompresscstinysrgbdpr1w500_00001906.jpg,206,422,428,659
pexels-photo-2385460jpegautocompresscstinysrgbdpr1w500_00000357.jpg,63,230,216,321
pexels-photo-239323jpegautocompresscstinysrgbdpr1w500_00000858.jpg,171,65,383,227
pexels-photo-2398346jpegautocompresscstinysrgbdpr1w500_00000358.jpg,123,53,431,314
pexels-photo-2403538jpegautocompresscstinysrgbdpr1w500_00000824.jpg,98,317,399,608
pexels-photo-2403599jpegautocompresscstinysrgbdpr1w500_00001128.jpg,82,377,352,611
pexels-photo-2415429jpegautocompresscstinysrgbdpr1w500_00000359.jpg,151,351,360,551
pexels-photo-2416863jpegautocompresscstinysrgbdpr1w500_00001154.jpg,101,322,364,626
pexels-photo-2417791jpegautocompresscstinysrgbdpr1w500_00000328.jpg,117,463,392,631
pexels-photo-2421374jpegautocompresscstinysrgbdpr1w500_00000069.jpg,11,54,352,307
pexels-photo-2437209jpegautocompresscstinysrgbdpr1w500_00001907.jpg,19,250,484,619
pexels-photo-243917jpegautocompresscstinysrgbdpr1w500_00000883.jpg,141,84,347,227
pexels-photo-2446534jpegautocompresscstinysrgbdpr1w500_00001875.jpg,216,224,479,512
pexels-photo-2448766jpegautocompresscstinysrgbdpr1w500_00001755.jpg,104,41,430,273
pexels-photo-2448767jpegautocompresscstinysrgbdpr1w500_00001129.jpg,124,314,388,567
pexels-photo-2453595jpegautocompresscstinysrgbdpr1w500_00001908.jpg,28,295,481,692
pexels-photo-2453601jpegautocompresscstinysrgbdpr1w500_00001743.jpg,77,411,500,615
pexels-photo-2454302jpegautocompresscstinysrgbdpr1w500_00001094.jpg,398,224,472,288
pexels-photo-2456355jpegautocompresscstinysrgbdpr1w500_00000360.jpg,43,436,234,630
pexels-photo-2470690jpegautocompresscstinysrgbdpr1w500_00000361.jpg,117,456,340,640
pexels-photo-247203jpegautocompresscstinysrgbdpr1w500_00000558.jpg,147,520,373,750
pexels-photo-2472261jpegautocompresscstinysrgbdpr1w500_00001130.jpg,327,125,500,333
pexels-photo-2474507jpegautocompresscstinysrgbdpr1w500_00001095.jpg,202,130,471,281
pexels-photo-2482321jpegautocompresscstinysrgbdpr1w500_00001876.jpg,308,167,435,333
pexels-photo-2498079pngautocompresscstinysrgbdpr1w500_00000329.jpg,45,252,454,524
pexels-photo-250356jpegautocompresscstinysrgbdpr1w500_00000229.jpg,195,23,413,228
pexels-photo-2505032jpegautocompresscstinysrgbdpr1w500_00000190.jpg,163,130,410,330
pexels-photo-2516642jpegautocompresscstinysrgbdpr1w500_00000975.jpg,202,384,329,508
pexels-photo-2516649jpegautocompresscstinysrgbdpr1w500_00001909.jpg,187,160,316,290
pexels-photo-2524961jpegautocompresscstinysrgbdpr1w500_00001096.jpg,68,438,341,607
pexels-photo-2527563jpegautocompresscstinysrgbdpr1w500_00000204.jpg,137,220,338,375
pexels-photo-2539638jpegautocompresscstinysrgbdpr1w500_00001877.jpg,163,47,352,252
pexels-photo-2539757jpegautocompresscstinysrgbdpr1w500_00000330.jpg,21,47,459,279
pexels-photo-2546930jpegautocompresscstinysrgbdpr1w500_00001611.jpg,152,366,347,583
pexels-photo-2553396jpegautocompresscstinysrgbdpr1w500_00001924.jpg,148,214,447,347
pexels-photo-2554744jpegautocompresscstinysrgbdpr1w500_00001131.jpg,204,429,326,551
pexels-photo-2558488jpegautocompresscstinysrgbdpr1w500_00001910.jpg,50,243,204,428
pexels-photo-2561397jpegautocompresscstinysrgbdpr1w500_00001878.jpg,261,67,384,219
pexels-photo-2587148jpegautocompresscstinysrgbdpr1w500_00001097.jpg,120,354,410,661
pexels-photo-2588432jpegautocompresscstinysrgbdpr1w500_00001925.jpg,44,170,418,333
pexels-photo-2589314jpegautocompresscstinysrgbdpr1w500_00000378.jpg,154,236,337,368
pexels-photo-2594964jpegautocompresscstinysrgbdpr1w500_00000331.jpg,283,380,450,750
pexels-photo-2600288jpegautocompresscstinysrgbdpr1w500_00001155.jpg,47,441,468,710
pexels-photo-2610300jpegautocompresscstinysrgbdpr1w500_00000964.jpg,122,263,324,553
pexels-photo-265267jpegautocompresscstinysrgbdpr1w500_00000577.jpg,75,185,288,267
pexels-photo-2660348jpegautocompresscstinysrgbdpr1w500_00000191.jpg,134,93,329,297
pexels-photo-2666727jpegautocompresscstinysrgbdpr1w500_00000892.jpg,133,603,445,735
pexels-photo-2666968jpegautocompresscstinysrgbdpr1w500_00000122.jpg,188,49,389,263
pexels-photo-267242jpegautocompresscstinysrgbdpr1w500_00000834.jpg,64,35,477,626
pexels-photo-267775jpegautocompresscstinysrgbdpr1w500_00000113.jpg,62,144,143,211
pexels-photo-2682289jpegautocompresscstinysrgbdpr1w500_00000205.jpg,133,127,374,239
pexels-photo-2684558jpegautocompresscstinysrgbdpr1w500_00001744.jpg,206,149,371,348
pexels-photo-2692917jpegautocompresscstinysrgbdpr1w500_00000893.jpg,112,458,465,603
pexels-photo-2700537jpegautocompresscstinysrgbdpr1w500_00000362.jpg,102,404,465,565
pexels-photo-2710494jpegautocompresscstinysrgbdpr1w500_00001911.jpg,146,423,279,598
pexels-photo-2724231jpegautocompresscstinysrgbdpr1w500_00000865.jpg,104,380,374,663
pexels-photo-2729351jpegautocompresscstinysrgbdpr1w500_00000363.jpg,169,248,341,505
pexels-photo-2729636jpegautocompresscstinysrgbdpr1w500_00000839.jpg,72,539,363,753
pexels-photo-2729899jpegautocompresscstinysrgbdpr1w500_00000123.jpg,179,116,500,324
pexels-photo-2734698jpegautocompresscstinysrgbdpr1w500_00001637.jpg,250,177,500,480
pexels-photo-2738177jpegautocompresscstinysrgbdpr1w500_00000379.jpg,59,128,432,515
pexels-photo-2749941jpegautocompresscstinysrgbdpr1w500_00001766.jpg,86,213,474,495
pexels-photo-2757835jpegautocompresscstinysrgbdpr1w500_00001879.jpg,66,391,440,650
pexels-photo-2769484jpegautocompresscstinysrgbdpr1w500_00001880.jpg,158,326,322,489
pexels-photo-2775181jpegautocompresscstinysrgbdpr1w500_00000901.jpg,97,537,246,716
pexels-photo-2775189jpegautocompresscstinysrgbdpr1w500_00001686.jpg,190,341,326,540
pexels-photo-2781140jpegautocompresscstinysrgbdpr1w500_00000976.jpg,226,220,341,303
pexels-photo-2820242jpegautocompresscstinysrgbdpr1w500_00000898.jpg,130,344,426,587
pexels-photo-2838543jpegautocompresscstinysrgbdpr1w500_00000380.jpg,134,21,484,643
pexels-photo-2847037jpegautocompresscstinysrgbdpr1w500_00000055.jpg,86,125,215,262
pexels-photo-284711jpegautocompresscstinysrgbdpr1w500_00000884.jpg,99,107,392,328
pexels-photo-2848025jpegautocompresscstinysrgbdpr1w500_00000983.jpg,217,152,367,302
pexels-photo-2858374jpegautocompresscstinysrgbdpr1w500_00000018.jpg,31,206,160,335
pexels-photo-2859181jpegautocompresscstinysrgbdpr1w500_00001288.jpg,64,338,473,607
pexels-photo-2859254jpegautocompresscstinysrgbdpr1w500_00001983.jpg,161,432,409,589
pexels-photo-2860826jpegautocompresscstinysrgbdpr1w500_00000843.jpg,194,340,312,590
pexels-photo-286691jpegautocompresscstinysrgbdpr1w500_00001846.jpg,66,128,239,319
pexels-photo-286694jpegautocompresscstinysrgbdpr1w500_00000946.jpg,182,164,293,270
pexels-photo-2881396jpegautocompresscstinysrgbdpr1w500_00001211.jpg,195,227,302,317
pexels-photo-2881402jpegautocompresscstinysrgbdpr1w500_00001006.jpg,204,178,286,261
pexels-photo-2882861jpegautocompresscstinysrgbdpr1w500_00001044.jpg,46,163,421,376
pexels-photo-2887474jpegautocompresscstinysrgbdpr1w500_00000111.jpg,357,455,500,705
pexels-photo-2894959jpegautocompresscstinysrgbdpr1w500_00000942.jpg,102,474,381,706
pexels-photo-2896831jpegautocompresscstinysrgbdpr1w500_00000081.jpg,92,540,412,656
pexels-photo-2897521jpegautocompresscstinysrgbdpr1w500_00001722.jpg,27,424,477,632
pexels-photo-2897535jpegautocompresscstinysrgbdpr1w500_00001053.jpg,162,119,306,311
pexels-photo-2898321jpegautocompresscstinysrgbdpr1w500_00000428.jpg,188,222,304,297
pexels-photo-2903479jpegautocompresscstinysrgbdpr1w500_00001839.jpg,190,168,326,289
pexels-photo-2904297jpegautocompresscstinysrgbdpr1w500_00001054.jpg,156,369,343,568
pexels-photo-2925749jpegautocompresscstinysrgbdpr1w500_00001788.jpg,67,268,474,601
pexels-photo-2927550jpegautocompresscstinysrgbdpr1w500_00001207.jpg,139,175,367,328
pexels-photo-2928071jpegautocompresscstinysrgbdpr1w500_00001651.jpg,111,415,337,523
pexels-photo-2929277jpegautocompresscstinysrgbdpr1w500_00001949.jpg,102,88,427,277
pexels-photo-2929281jpegautocompresscstinysrgbdpr1w500_00001644.jpg,125,165,398,472
pexels-photo-2929286jpegautocompresscstinysrgbdpr1w500_00001775.jpg,150,154,373,435
pexels-photo-2929287jpegautocompresscstinysrgbdpr1w500_00000136.jpg,75,188,406,442
pexels-photo-2946952jpegautocompresscstinysrgbdpr1w500_00001208.jpg,123,227,366,598
pexels-photo-2950003jpegautocompresscstinysrgbdpr1w500_00001575.jpg,177,203,314,310
pexels-photo-2969315jpegautocompresscstinysrgbdpr1w500_00000826.jpg,47,479,453,699
pexels-photo-2969318jpegautocompresscstinysrgbdpr1w500_00000021.jpg,75,276,480,552
pexels-photo-2971755jpegautocompresscstinysrgbdpr1w500_00001950.jpg,97,168,401,408
pexels-photo-297351jpegautocompresscstinysrgbdpr1w500_00000293.jpg,184,141,320,306
pexels-photo-2974483jpegautocompresscstinysrgbdpr1w500_00000401.jpg,153,361,339,578
pexels-photo-297814jpegautocompresscstinysrgbdpr1w500_00001135.jpg,191,95,337,250
pexels-photo-2996278jpegautocompresscstinysrgbdpr1w500_00000073.jpg,250,212,442,534
pexels-photo-3002138jpegautocompresscstinysrgbdpr1w500_00001659.jpg,154,353,446,484
pexels-photo-3006002jpegautocompresscstinysrgbdpr1w500_00001840.jpg,196,217,440,565
pexels-photo-3007354jpegautocompresscstinysrgbdpr1w500_00000816.jpg,23,454,214,570
pexels-photo-300875jpegautocompresscstinysrgbdpr1w500_00001608.jpg,202,56,328,291
pexels-photo-3011519jpegautocompresscstinysrgbdpr1w500_00000430.jpg,75,566,327,734
pexels-photo-3011525jpegautocompresscstinysrgbdpr1w500_00001209.jpg,107,272,445,650
pexels-photo-3011526jpegautocompresscstinysrgbdpr1w500_00001981.jpg,67,172,425,572
pexels-photo-3049279jpegautocompresscstinysrgbdpr1w500_00001210.jpg,99,74,255,313
pexels-photo-3049731jpegautocompresscstinysrgbdpr1w500_00000918.jpg,280,178,427,311
pexels-photo-3051149jpegautocompresscstinysrgbdpr1w500_00000874.jpg,130,219,343,363
pexels-photo-3066691jpegautocompresscstinysrgbdpr1w500_00000991.jpg,158,273,383,617
pexels-photo-3067850jpegautocompresscstinysrgbdpr1w500_00000402.jpg,46,53,412,245
pexels-photo-3068266jpegautocompresscstinysrgbdpr1w500_00001776.jpg,213,78,306,156
pexels-photo-3070918jpegautocompresscstinysrgbdpr1w500_00000403.jpg,57,146,251,281
pexels-photo-3073069jpegautocompresscstinysrgbdpr1w500_00001177.jpg,57,512,448,667
pexels-photo-3074920jpegautocompresscstinysrgbdpr1w500_00000806.jpg,66,212,487,390
pexels-photo-307847jpegautocompresscstinysrgbdpr1w500_00000053.jpg,197,259,270,309
pexels-photo-3108926jpegautocompresscstinysrgbdpr1w500_00001952.jpg,32,103,408,216
pexels-photo-3116969jpegautocompresscstinysrgbdpr1w500_00000992.jpg,164,195,314,280
pexels-photo-3119918jpegautocompresscstinysrgbdpr1w500_00000404.jpg,26,97,216,259
pexels-photo-3127816jpegautocompresscstinysrgbdpr1w500_00000284.jpg,179,166,303,292
pexels-photo-313702jpegautocompresscstinysrgbdpr1w500_00000013.jpg,129,143,297,266
pexels-photo-3138977jpegautocompresscstinysrgbdpr1w500_00000169.jpg,84,169,248,264
pexels-photo-3143712jpegautocompresscstinysrgbdpr1w500_00000223.jpg,149,274,360,484
pexels-photo-3150549jpegautocompresscstinysrgbdpr1w500_00001573.jpg,69,280,254,474
pexels-photo-3151773jpegautocompresscstinysrgbdpr1w500_00001953.jpg,73,59,414,318
pexels-photo-319489jpegautocompresscstinysrgbdpr1w500_00001726.jpg,126,194,407,318
pexels-photo-3197985jpegautocompresscstinysrgbdpr1w500_00001055.jpg,101,51,415,622
pexels-photo-3199221jpegautocompresscstinysrgbdpr1w500_00001692.jpg,161,480,426,699
pexels-photo-3200073jpegautocompresscstinysrgbdpr1w500_00000993.jpg,7,591,441,709
pexels-photo-3207532jpegautocompresscstinysrgbdpr1w500_00000028.jpg,211,222,317,322
pexels-photo-3208298jpegautocompresscstinysrgbdpr1w500_00001591.jpg,45,289,476,480
pexels-photo-3214143jpegautocompresscstinysrgbdpr1w500_00000285.jpg,61,14,402,304
pexels-photo-321499jpegautocompresscstinysrgbdpr1w500_00000365.jpg,274,604,413,750
pexels-photo-3217345jpegautocompresscstinysrgbdpr1w500_00001955.jpg,5,140,130,252
pexels-photo-3225720jpegautocompresscstinysrgbdpr1w500_00000237.jpg,22,330,486,540
pexels-photo-3228855jpegautocompresscstinysrgbdpr1w500_00001777.jpg,140,186,475,287
pexels-photo-3261069jpegautocompresscstinysrgbdpr1w500_00000170.jpg,61,247,456,556
pexels-photo-3264750jpegautocompresscstinysrgbdpr1w500_00001841.jpg,76,363,322,625
pexels-photo-3267513jpegautocompresscstinysrgbdpr1w500_00000224.jpg,274,457,418,626
pexels-photo-3277055jpegautocompresscstinysrgbdpr1w500_00000287.jpg,210,96,271,149
pexels-photo-3283431jpegautocompresscstinysrgbdpr1w500_00001412.jpg,105,60,402,293
pexels-photo-3291246jpegautocompresscstinysrgbdpr1w500_00000943.jpg,172,478,359,594
pexels-photo-3292554jpegautocompresscstinysrgbdpr1w500_00001723.jpg,135,234,423,503
pexels-photo-3295209jpegautocompresscstinysrgbdpr1w500_00000029.jpg,284,334,472,623
pexels-photo-3315961jpegautocompresscstinysrgbdpr1w500_00000288.jpg,171,107,462,297
pexels-photo-332694jpegautocompresscstinysrgbdpr1w500_00001930.jpg,190,187,333,312
pexels-photo-3361050jpegautocompresscstinysrgbdpr1w500_00001060.jpg,164,439,333,639
pexels-photo-3372595jpegautocompresscstinysrgbdpr1w500_00000844.jpg,109,620,415,750
pexels-photo-3375910jpegautocompresscstinysrgbdpr1w500_00001179.jpg,171,60,355,334
pexels-photo-3384527jpegautocompresscstinysrgbdpr1w500_00001778.jpg,89,329,460,584
pexels-photo-3394269jpegautocompresscstinysrgbdpr1w500_00000099.jpg,200,83,461,247
pexels-photo-3402576jpegautocompresscstinysrgbdpr1w500_00000137.jpg,221,107,390,206
pexels-photo-3421684jpegautocompresscstinysrgbdpr1w500_00001169.jpg,132,537,290,665
pexels-photo-3421685jpegautocompresscstinysrgbdpr1w500_00001944.jpg,109,567,294,687
pexels-photo-3421704jpegautocompresscstinysrgbdpr1w500_00000393.jpg,35,489,227,667
pexels-photo-3421722jpegautocompresscstinysrgbdpr1w500_00000217.jpg,85,627,413,747
pexels-photo-3423875jpegautocompresscstinysrgbdpr1w500_00000100.jpg,162,106,343,287
pexels-photo-3441204jpegautocompresscstinysrgbdpr1w500_00000881.jpg,83,440,474,560
pexels-photo-3446379jpegautocompresscstinysrgbdpr1w500_00000406.jpg,98,237,414,480
pexels-photo-345415jpegautocompresscstinysrgbdpr1w500_00001574.jpg,168,28,318,142
pexels-photo-3454580jpegautocompresscstinysrgbdpr1w500_00000171.jpg,182,333,318,529
pexels-photo-346768jpegautocompresscstinysrgbdpr1w500_00000578.jpg,166,200,318,270
pexels-photo-3494088jpegautocompresscstinysrgbdpr1w500_00001773.jpg,138,146,264,259
pexels-photo-349493jpegautocompresscstinysrgbdpr1w500_00001453.jpg,130,68,408,162
pexels-photo-349494jpegautocompresscstinysrgbdpr1w500_00002115.jpg,140,248,357,333
pexels-photo-3522691jpegautocompresscstinysrgbdpr1w500_00000944.jpg,90,485,423,625
pexels-photo-3526224jpegautocompresscstinysrgbdpr1w500_00000289.jpg,35,229,481,587
pexels-photo-3526971jpegautocompresscstinysrgbdpr1w500_00001843.jpg,124,92,486,297
pexels-photo-3540214jpegautocompresscstinysrgbdpr1w500_00000691.jpg,159,355,350,540
pexels-photo-354978jpegautocompresscstinysrgbdpr1w500_00001970.jpg,10,454,464,750
pexels-photo-3563612jpegautocompresscstinysrgbdpr1w500_00000432.jpg,154,439,383,664
pexels-photo-3568788jpegautocompresscstinysrgbdpr1w500_00001588.jpg,112,424,393,626
pexels-photo-3568790jpegautocompresscstinysrgbdpr1w500_00001790.jpg,150,440,320,638
pexels-photo-3569212jpegautocompresscstinysrgbdpr1w500_00001702.jpg,205,355,413,543
pexels-photo-3595232jpegautocompresscstinysrgbdpr1w500_00001956.jpg,146,577,275,705
pexels-photo-3596283jpegautocompresscstinysrgbdpr1w500_00001180.jpg,264,57,435,302
pexels-photo-3611797jpegautocompresscstinysrgbdpr1w500_00000112.jpg,136,329,468,515
pexels-photo-3616676jpegautocompresscstinysrgbdpr1w500_00000911.jpg,88,209,312,330
pexels-photo-3619795jpegautocompresscstinysrgbdpr1w500_00001170.jpg,148,52,357,279
pexels-photo-3633899jpegautocompresscstinysrgbdpr1w500_00001181.jpg,69,273,383,579
pexels-photo-3657426jpegautocompresscstinysrgbdpr1w500_00001945.jpg,1,239,312,511
pexels-photo-365793jpegautocompresscstinysrgbdpr1w500_00001688.jpg,114,235,203,306
pexels-photo-3672667jpegautocompresscstinysrgbdpr1w500_00001171.jpg,168,478,342,690
pexels-photo-3680210jpegautocompresscstinysrgbdpr1w500_00000067.jpg,158,205,423,589
pexels-photo-3684772jpegautocompresscstinysrgbdpr1w500_00000989.jpg,283,196,472,333
pexels-photo-3694131pngautocompresscstinysrgbdpr1w500_00001061.jpg,12,238,213,384
pexels-photo-3737918jpegautocompresscstinysrgbdpr1w500_00000990.jpg,194,347,459,620
pexels-photo-3737919jpegautocompresscstinysrgbdpr1w500_00000394.jpg,158,318,500,615
pexels-photo-3737920jpegautocompresscstinysrgbdpr1w500_00001946.jpg,223,311,478,628
pexels-photo-3737921jpegautocompresscstinysrgbdpr1w500_00000218.jpg,144,357,446,662
pexels-photo-373924jpegautocompresscstinysrgbdpr1w500_00001440.jpg,60,123,408,295
pexels-photo-373964jpegautocompresscstinysrgbdpr1w500_00002093.jpg,105,184,394,295
pexels-photo-374680jpegautocompresscstinysrgbdpr1w500_00001443.jpg,8,184,336,301
pexels-photo-374905jpegautocompresscstinysrgbdpr1w500_00000683.jpg,139,98,344,280
pexels-photo-3754251jpegautocompresscstinysrgbdpr1w500_00000910.jpg,232,612,397,726
pexels-photo-3763881jpegautocompresscstinysrgbdpr1w500_00001947.jpg,221,105,423,305
pexels-photo-3766219jpegautocompresscstinysrgbdpr1w500_00001725.jpg,115,234,275,319
pexels-photo-3775870jpegautocompresscstinysrgbdpr1w500_00000407.jpg,157,448,336,598
pexels-photo-3779669jpegautocompresscstinysrgbdpr1w500_00001062.jpg,183,79,307,190
pexels-photo-3785405jpegautocompresscstinysrgbdpr1w500_00001774.jpg,221,105,329,211
pexels-photo-3792865jpegautocompresscstinysrgbdpr1w500_00001948.jpg,54,54,193,262
pexels-photo-38069jpegautocompresscstinysrgbdpr1w500_00002114.jpg,179,22,307,141
pexels-photo-3812951jpegautocompresscstinysrgbdpr1w500_00001174.jpg,273,185,467,284
pexels-photo-3814437jpegautocompresscstinysrgbdpr1w500_00000239.jpg,146,74,320,245
pexels-photo-3814915jpegautocompresscstinysrgbdpr1w500_00000400.jpg,176,428,330,622
pexels-photo-3819369jpegautocompresscstinysrgbdpr1w500_00000875.jpg,24,496,427,690
pexels-photo-384553jpegautocompresscstinysrgbdpr1w500_00001587.jpg,161,243,278,406
pexels-photo-389696jpegautocompresscstinysrgbdpr1w500_00000916.jpg,126,34,426,333
pexels-photo-3908085jpegautocompresscstinysrgbdpr1w500_00000805.jpg,164,101,378,271
pexels-photo-3932860jpegautocompresscstinysrgbdpr1w500_00000912.jpg,63,110,331,243
pexels-photo-3932882jpegautocompresscstinysrgbdpr1w500_00000999.jpg,17,71,431,333
pexels-photo-3964467jpegautocompresscstinysrgbdpr1w500_00000667.jpg,97,183,295,432
pexels-photo-3964501jpegautocompresscstinysrgbdpr1w500_00000554.jpg,105,67,371,287
pexels-photo-3964510jpegautocompresscstinysrgbdpr1w500_00000666.jpg,115,79,338,266
pexels-photo-3964717jpegautocompresscstinysrgbdpr1w500_00000662.jpg,74,60,344,282
pexels-photo-3971181jpegautocompresscstinysrgbdpr1w500_00000663.jpg,142,329,396,586
pexels-photo-4011868jpegautocompresscstinysrgbdpr1w500_00002112.jpg,141,268,391,552
pexels-photo-4049980jpegautocompresscstinysrgbdpr1w500_00000674.jpg,69,242,243,543
pexels-photo-4053668jpegautocompresscstinysrgbdpr1w500_00001445.jpg,139,71,356,353
pexels-photo-4057508jpegautocompresscstinysrgbdpr1w500_00001783.jpg,155,60,408,275
pexels-photo-4062764jpegautocompresscstinysrgbdpr1w500_00002087.jpg,183,516,469,750
pexels-photo-4065509jpegautocompresscstinysrgbdpr1w500_00000665.jpg,20,99,295,297
pexels-photo-4065510jpegautocompresscstinysrgbdpr1w500_00000555.jpg,17,103,156,237
pexels-photo-4066290jpegautocompresscstinysrgbdpr1w500_00000034.jpg,175,595,355,718
pexels-photo-4075506jpegautocompresscstinysrgbdpr1w500_00002094.jpg,86,247,332,600
pexels-photo-4075511jpegautocompresscstinysrgbdpr1w500_00000677.jpg,43,359,329,582
pexels-photo-4077307jpegautocompresscstinysrgbdpr1w500_00001456.jpg,232,79,471,399
pexels-photo-4077313jpegautocompresscstinysrgbdpr1w500_00000687.jpg,138,267,493,621
pexels-photo-4081405jpegautocompresscstinysrgbdpr1w500_00001457.jpg,32,43,487,464
pexels-photo-4085235jpegautocompresscstinysrgbdpr1w500_00000688.jpg,200,63,387,145
pexels-photo-4096670jpegautocompresscstinysrgbdpr1w500_00000678.jpg,113,14,360,297
pexels-photo-4100668jpegautocompresscstinysrgbdpr1w500_00001784.jpg,73,588,292,724
pexels-photo-415261jpegautocompresscstinysrgbdpr1w500_00000129.jpg,149,37,464,280
pexels-photo-418227jpegautocompresscstinysrgbdpr1w500_00001200.jpg,123,84,400,333
pexels-photo-4211342jpegautocompresscstinysrgbdpr1w500_00001458.jpg,52,63,415,325
pexels-photo-4228172jpegautocompresscstinysrgbdpr1w500_00001449.jpg,86,338,398,571
pexels-photo-4228183jpegautocompresscstinysrgbdpr1w500_00000679.jpg,110,249,338,625
pexels-photo-4228195jpegautocompresscstinysrgbdpr1w500_00000684.jpg,123,92,372,314
pexels-photo-4228199jpegautocompresscstinysrgbdpr1w500_00001354.jpg,51,33,422,279
pexels-photo-4228201jpegautocompresscstinysrgbdpr1w500_00001454.jpg,77,150,443,426
pexels-photo-4228204jpegautocompresscstinysrgbdpr1w500_00000685.jpg,234,77,479,250
pexels-photo-4250965jpegautocompresscstinysrgbdpr1w500_00000689.jpg,105,333,435,593
pexels-photo-4252948jpegautocompresscstinysrgbdpr1w500_00000580.jpg,54,60,488,290
pexels-photo-4279156jpegautocompresscstinysrgbdpr1w500_00002095.jpg,75,275,500,507
pexels-photo-4300383jpegautocompresscstinysrgbdpr1w500_00001471.jpg,299,51,456,309
pexels-photo-4339363jpegautocompresscstinysrgbdpr1w500_00000653.jpg,14,183,456,398
pexels-photo-4365446jpegautocompresscstinysrgbdpr1w500_00001431.jpg,90,220,402,597
pexels-photo-4365447jpegautocompresscstinysrgbdpr1w500_00001432.jpg,189,129,403,298
pexels-photo-4381725jpegautocompresscstinysrgbdpr1w500_00000638.jpg,144,107,381,312
pexels-photo-4387544jpegautocompresscstinysrgbdpr1w500_00000658.jpg,86,35,403,328
pexels-photo-4429100jpegautocompresscstinysrgbdpr1w500_00000125.jpg,197,47,337,185
pexels-photo-4429562jpegautocompresscstinysrgbdpr1w500_00001283.jpg,173,73,344,210
pexels-photo-4433315jpegautocompresscstinysrgbdpr1w500_00001433.jpg,119,66,332,243
pexels-photo-447729jpegautocompresscstinysrgbdpr1w500_00000907.jpg,147,98,343,247
pexels-photo-449609jpegautocompresscstinysrgbdpr1w500_00000020.jpg,199,188,256,251
pexels-photo-4496933jpegautocompresscstinysrgbdpr1w500_00001789.jpg,188,117,331,270
pexels-photo-4502961jpegautocompresscstinysrgbdpr1w500_00000056.jpg,103,436,349,713
pexels-photo-4512968jpegautocompresscstinysrgbdpr1w500_00000659.jpg,80,70,379,330
pexels-photo-4524894jpegautocompresscstinysrgbdpr1w500_00002086.jpg,160,516,396,796
pexels-photo-4554169jpegautocompresscstinysrgbdpr1w500_00001971.jpg,258,567,453,730
pexels-photo-4554171jpegautocompresscstinysrgbdpr1w500_00001201.jpg,46,577,431,721
pexels-photo-4554204jpegautocompresscstinysrgbdpr1w500_00000888.jpg,169,610,306,729
pexels-photo-4554205jpegautocompresscstinysrgbdpr1w500_00001862.jpg,146,636,400,748
pexels-photo-4554215jpegautocompresscstinysrgbdpr1w500_00001610.jpg,36,499,196,621
pexels-photo-4554218jpegautocompresscstinysrgbdpr1w500_00000312.jpg,197,577,477,689
pexels-photo-4601185jpegautocompresscstinysrgbdpr1w500_00001333.jpg,162,148,383,288
pexels-photo-4627401jpegautocompresscstinysrgbdpr1w500_00001459.jpg,231,461,374,659
pexels-photo-4633633jpegautocompresscstinysrgbdpr1w500_00000690.jpg,165,147,304,333
pexels-photo-464802jpegautocompresscstinysrgbdpr1w500_00000230.jpg,74,432,342,642
pexels-photo-4654051pngautocompresscstinysrgbdpr1w500_00002116.jpg,97,343,291,665
pexels-photo-4654784jpegautocompresscstinysrgbdpr1w500_00001355.jpg,76,284,358,512
pexels-photo-4663421jpegautocompresscstinysrgbdpr1w500_00000118.jpg,238,136,500,333
pexels-photo-4663422jpegautocompresscstinysrgbdpr1w500_00000861.jpg,185,264,408,375
pexels-photo-4663820jpegautocompresscstinysrgbdpr1w500_00001864.jpg,78,104,371,347
pexels-photo-4700555jpegautocompresscstinysrgbdpr1w500_00000639.jpg,95,336,415,708
pexels-photo-4712937jpegautocompresscstinysrgbdpr1w500_00001414.jpg,119,105,318,328
pexels-photo-4719839jpegautocompresscstinysrgbdpr1w500_00001891.jpg,10,27,401,318
pexels-photo-4719840jpegautocompresscstinysrgbdpr1w500_00000894.jpg,53,102,352,323
pexels-photo-4719924jpegautocompresscstinysrgbdpr1w500_00000879.jpg,81,104,469,320
pexels-photo-4720230jpegautocompresscstinysrgbdpr1w500_00002067.jpg,129,144,413,308
pexels-photo-4720241jpegautocompresscstinysrgbdpr1w500_00001099.jpg,72,193,440,280
pexels-photo-4720248jpegautocompresscstinysrgbdpr1w500_00001297.jpg,75,254,417,325
pexels-photo-4724519jpegautocompresscstinysrgbdpr1w500_00001416.jpg,132,124,375,276
pexels-photo-4724526jpegautocompresscstinysrgbdpr1w500_00000641.jpg,48,57,454,269
pexels-photo-4724527jpegautocompresscstinysrgbdpr1w500_00001417.jpg,150,113,373,222
pexels-photo-4724532jpegautocompresscstinysrgbdpr1w500_00000642.jpg,21,87,303,243
pexels-photo-4724534jpegautocompresscstinysrgbdpr1w500_00001418.jpg,165,87,361,238
pexels-photo-4724538jpegautocompresscstinysrgbdpr1w500_00000643.jpg,135,119,346,242
pexels-photo-4763831jpegautocompresscstinysrgbdpr1w500_00001380.jpg,167,6,489,248
pexels-photo-4785486jpegautocompresscstinysrgbdpr1w500_00001343.jpg,77,207,454,518
pexels-photo-4785489jpegautocompresscstinysrgbdpr1w500_00000644.jpg,135,95,440,333
pexels-photo-4788205jpegautocompresscstinysrgbdpr1w500_00000572.jpg,42,21,359,325
pexels-photo-4800241jpegautocompresscstinysrgbdpr1w500_00001423.jpg,131,95,368,307
pexels-photo-4830134jpegautocompresscstinysrgbdpr1w500_00001112.jpg,242,60,379,158
pexels-photo-4830136jpegautocompresscstinysrgbdpr1w500_00000345.jpg,177,121,351,219
pexels-photo-4876536jpegautocompresscstinysrgbdpr1w500_00000645.jpg,121,69,417,262
pexels-photo-4908607jpegautocompresscstinysrgbdpr1w500_00001881.jpg,218,119,429,331
pexels-photo-4915321jpegautocompresscstinysrgbdpr1w500_00001424.jpg,151,58,387,270
pexels-photo-4920434jpegautocompresscstinysrgbdpr1w500_00001429.jpg,141,134,248,267
pexels-photo-4920443jpegautocompresscstinysrgbdpr1w500_00000652.jpg,249,243,331,314
pexels-photo-4923343jpegautocompresscstinysrgbdpr1w500_00000646.jpg,116,41,374,290
pexels-photo-4925886jpegautocompresscstinysrgbdpr1w500_00000334.jpg,210,81,380,256
pexels-photo-4929538jpegautocompresscstinysrgbdpr1w500_00001585.jpg,254,303,394,484
pexels-photo-4931270jpegautocompresscstinysrgbdpr1w500_00001430.jpg,326,105,457,280
pexels-photo-4940295jpegautocompresscstinysrgbdpr1w500_00001425.jpg,107,607,345,733
pexels-photo-4943900jpegautocompresscstinysrgbdpr1w500_00000335.jpg,148,501,421,673
pexels-photo-4943902jpegautocompresscstinysrgbdpr1w500_00001113.jpg,248,529,402,642
pexels-photo-4943903jpegautocompresscstinysrgbdpr1w500_00000346.jpg,222,439,400,601
pexels-photo-4987516jpegautocompresscstinysrgbdpr1w500_00001344.jpg,108,30,364,333
pexels-photo-4997024jpegautocompresscstinysrgbdpr1w500_00002057.jpg,96,95,301,238
pexels-photo-5022533jpegautocompresscstinysrgbdpr1w500_00000634.jpg,53,311,438,523
pexels-photo-5026387jpegautocompresscstinysrgbdpr1w500_00000863.jpg,230,176,417,328
pexels-photo-5037346jpegautocompresscstinysrgbdpr1w500_00001884.jpg,69,96,297,205
pexels-photo-5066360jpegautocompresscstinysrgbdpr1w500_00000514.jpg,123,262,383,559
pexels-photo-5103242jpegautocompresscstinysrgbdpr1w500_00000967.jpg,146,300,441,671
pexels-photo-5163851jpegautocompresscstinysrgbdpr1w500_00001427.jpg,264,247,391,315
pexels-photo-5196188jpegautocompresscstinysrgbdpr1w500_00000650.jpg,98,41,352,308
pexels-photo-5204856jpegautocompresscstinysrgbdpr1w500_00001346.jpg,191,403,448,596
pexels-photo-5244337jpegautocompresscstinysrgbdpr1w500_00001679.jpg,97,325,341,471
pexels-photo-5253049jpegautocompresscstinysrgbdpr1w500_00001426.jpg,147,429,323,686
pexels-photo-5262552jpegautocompresscstinysrgbdpr1w500_00002110.jpg,125,342,408,632
pexels-photo-5274792jpegautocompresscstinysrgbdpr1w500_00001110.jpg,194,173,399,302
pexels-photo-5274804jpegautocompresscstinysrgbdpr1w500_00000343.jpg,169,204,387,298
pexels-photo-5275787jpegautocompresscstinysrgbdpr1w500_00000651.jpg,151,159,312,246
pexels-photo-5291690jpegautocompresscstinysrgbdpr1w500_00000511.jpg,191,114,327,253
pexels-photo-5302583jpegautocompresscstinysrgbdpr1w500_00000337.jpg,167,142,346,235
pexels-photo-5302600jpegautocompresscstinysrgbdpr1w500_00000339.jpg,127,101,326,236
pexels-photo-5302602jpegautocompresscstinysrgbdpr1w500_00001108.jpg,152,398,402,561
pexels-photo-5302843jpegautocompresscstinysrgbdpr1w500_00001287.jpg,273,193,500,415
pexels-photo-5310888jpegautocompresscstinysrgbdpr1w500_00000512.jpg,92,64,357,291
pexels-photo-5310898jpegautocompresscstinysrgbdpr1w500_00001106.jpg,178,95,401,302
pexels-photo-5329336jpegautocompresscstinysrgbdpr1w500_00000609.jpg,127,501,323,667
pexels-photo-5370927jpegautocompresscstinysrgbdpr1w500_00001107.jpg,105,110,268,276
pexels-photo-5379072jpegautocompresscstinysrgbdpr1w500_00000831.jpg,132,333,356,624
pexels-photo-5383511jpegautocompresscstinysrgbdpr1w500_00001746.jpg,57,245,301,591
pexels-photo-5383519jpegautocompresscstinysrgbdpr1w500_00000340.jpg,184,24,322,271
pexels-photo-5386757jpegautocompresscstinysrgbdpr1w500_00001428.jpg,135,250,359,494
pexels-photo-5497792jpegautocompresscstinysrgbdpr1w500_00000695.jpg,142,645,365,739
pexels-photo-5499536jpegautocompresscstinysrgbdpr1w500_00001468.jpg,7,347,352,667
pexels-photo-5537482jpegautocompresscstinysrgbdpr1w500_00002055.jpg,49,148,402,509
pexels-photo-5537487jpegautocompresscstinysrgbdpr1w500_00001282.jpg,101,81,500,295
pexels-photo-5547549jpegautocompresscstinysrgbdpr1w500_00000160.jpg,199,95,322,224
pexels-photo-5560569jpegautocompresscstinysrgbdpr1w500_00000436.jpg,18,478,405,750
pexels-photo-5561301jpegautocompresscstinysrgbdpr1w500_00002058.jpg,164,175,450,667
pexels-photo-5579008jpegautocompresscstinysrgbdpr1w500_00000607.jpg,105,294,413,618
pexels-photo-5586379jpegautocompresscstinysrgbdpr1w500_00000504.jpg,214,122,466,233
pexels-photo-5648342jpegautocompresscstinysrgbdpr1w500_00000510.jpg,96,386,335,535
pexels-photo-5667931jpegautocompresscstinysrgbdpr1w500_00001040.jpg,204,243,263,308
pexels-photo-5673507jpegautocompresscstinysrgbdpr1w500_00001582.jpg,82,160,398,272
pexels-photo-5703537jpegautocompresscstinysrgbdpr1w500_00002060.jpg,101,149,272,251
pexels-photo-5704233jpegautocompresscstinysrgbdpr1w500_00001382.jpg,22,381,450,495
pexels-photo-5707142jpegautocompresscstinysrgbdpr1w500_00000608.jpg,22,513,392,681
pexels-photo-5716485jpegautocompresscstinysrgbdpr1w500_00001381.jpg,189,392,363,578
pexels-photo-5740817jpegautocompresscstinysrgbdpr1w500_00001032.jpg,117,369,291,535
pexels-photo-5741045jpegautocompresscstinysrgbdpr1w500_00000920.jpg,93,32,388,194
pexels-photo-5743439jpegautocompresscstinysrgbdpr1w500_00001469.jpg,132,282,371,548
pexels-photo-5743440jpegautocompresscstinysrgbdpr1w500_00000696.jpg,145,220,355,597
pexels-photo-5771810jpegautocompresscstinysrgbdpr1w500_00000276.jpg,209,548,418,729
pexels-photo-5792942jpegautocompresscstinysrgbdpr1w500_00001212.jpg,72,96,415,223
pexels-photo-582485jpegautocompresscstinysrgbdpr1w500_00000947.jpg,131,23,406,266
pexels-photo-5850082jpegautocompresscstinysrgbdpr1w500_00000265.jpg,21,112,222,242
pexels-photo-5863239jpegautocompresscstinysrgbdpr1w500_00001460.jpg,165,87,321,208
pexels-photo-5864656jpegautocompresscstinysrgbdpr1w500_00000490.jpg,124,239,372,460
pexels-photo-5865231jpegautocompresscstinysrgbdpr1w500_00000433.jpg,179,141,324,266
pexels-photo-5868629jpegautocompresscstinysrgbdpr1w500_00000692.jpg,62,13,495,333
pexels-photo-5871415jpegautocompresscstinysrgbdpr1w500_00001213.jpg,188,597,328,729
pexels-photo-5871427jpegautocompresscstinysrgbdpr1w500_00000434.jpg,129,544,326,750
pexels-photo-5871433jpegautocompresscstinysrgbdpr1w500_00000105.jpg,200,542,405,750
pexels-photo-5871571jpegautocompresscstinysrgbdpr1w500_00001599.jpg,38,250,500,680
pexels-photo-5872034jpegautocompresscstinysrgbdpr1w500_00001357.jpg,104,11,440,538
pexels-photo-5875904jpegautocompresscstinysrgbdpr1w500_00001984.jpg,166,107,343,272
pexels-photo-5875919jpegautocompresscstinysrgbdpr1w500_00001268.jpg,25,79,335,256
pexels-photo-5908451jpegautocompresscstinysrgbdpr1w500_00000693.jpg,39,328,372,598
pexels-photo-5928324jpegautocompresscstinysrgbdpr1w500_00001214.jpg,150,145,352,241
pexels-photo-5952893jpegautocompresscstinysrgbdpr1w500_00000435.jpg,84,199,288,282
pexels-photo-5967867jpegautocompresscstinysrgbdpr1w500_00001215.jpg,136,212,237,283
pexels-photo-596886jpegautocompresscstinysrgbdpr1w500_00000173.jpg,136,506,427,651
pexels-photo-5970117jpegautocompresscstinysrgbdpr1w500_00000694.jpg,71,555,410,747
pexels-photo-5993692jpegautocompresscstinysrgbdpr1w500_00001817.jpg,141,129,282,281
pexels-photo-600110jpegautocompresscstinysrgbdpr1w500_00001913.jpg,140,34,300,249
pexels-photo-6003052jpegautocompresscstinysrgbdpr1w500_00000012.jpg,131,201,352,489
pexels-photo-6003754jpegautocompresscstinysrgbdpr1w500_00000614.jpg,147,435,447,750
pexels-photo-6006250jpegautocompresscstinysrgbdpr1w500_00000523.jpg,164,255,245,310
pexels-photo-601177jpegautocompresscstinysrgbdpr1w500_00000036.jpg,119,154,227,286
pexels-photo-601907jpegautocompresscstinysrgbdpr1w500_00001914.jpg,13,153,500,607
pexels-photo-6034789jpegautocompresscstinysrgbdpr1w500_00001835.jpg,1,327,377,688
pexels-photo-6044612jpegautocompresscstinysrgbdpr1w500_00002100.jpg,14,253,426,448
pexels-photo-6045030jpegautocompresscstinysrgbdpr1w500_00000499.jpg,126,314,360,530
pexels-photo-6101839jpegautocompresscstinysrgbdpr1w500_00001386.jpg,163,346,349,461
pexels-photo-612950jpegautocompresscstinysrgbdpr1w500_00000978.jpg,168,26,500,324
pexels-photo-6198786jpegautocompresscstinysrgbdpr1w500_00001821.jpg,88,183,443,530
pexels-photo-620316jpegautocompresscstinysrgbdpr1w500_00001140.jpg,115,53,378,230
pexels-photo-6246694jpegautocompresscstinysrgbdpr1w500_00000698.jpg,287,632,396,749
pexels-photo-6256760jpegautocompresscstinysrgbdpr1w500_00000438.jpg,188,173,259,251
pexels-photo-6258910jpegautocompresscstinysrgbdpr1w500_00001315.jpg,123,87,480,231
pexels-photo-6271381jpegautocompresscstinysrgbdpr1w500_00001277.jpg,101,72,304,318
pexels-photo-6271393jpegautocompresscstinysrgbdpr1w500_00000500.jpg,169,355,358,571
pexels-photo-6289791jpegautocompresscstinysrgbdpr1w500_00001275.jpg,1,245,500,626
pexels-photo-631988jpegautocompresscstinysrgbdpr1w500_00001319.jpg,146,135,335,271
pexels-photo-632078jpegautocompresscstinysrgbdpr1w500_00000294.jpg,159,114,334,248
pexels-photo-633966jpegautocompresscstinysrgbdpr1w500_00000899.jpg,88,102,407,308
pexels-photo-636010jpegautocompresscstinysrgbdpr1w500_00000019.jpg,115,170,322,289
pexels-photo-6468936jpegautocompresscstinysrgbdpr1w500_00002065.jpg,30,100,481,281
pexels-photo-6502499jpegautocompresscstinysrgbdpr1w500_00001334.jpg,40,30,329,391
pexels-photo-6539482jpegautocompresscstinysrgbdpr1w500_00000497.jpg,81,35,364,303
pexels-photo-6539483jpegautocompresscstinysrgbdpr1w500_00002049.jpg,48,125,371,650
pexels-photo-6579095jpegautocompresscstinysrgbdpr1w500_00000832.jpg,149,608,256,716
pexels-photo-6609908jpegautocompresscstinysrgbdpr1w500_00000498.jpg,140,110,365,317
pexels-photo-6611629jpegautocompresscstinysrgbdpr1w500_00000491.jpg,119,38,366,234
pexels-photo-6626745jpegautocompresscstinysrgbdpr1w500_00000515.jpg,28,416,441,750
pexels-photo-663437jpegautocompresscstinysrgbdpr1w500_00000573.jpg,200,140,285,225
pexels-photo-6714617jpegautocompresscstinysrgbdpr1w500_00001276.jpg,113,249,500,626
pexels-photo-671915jpegautocompresscstinysrgbdpr1w500_00001931.jpg,183,157,356,268
pexels-photo-6740059jpegautocompresscstinysrgbdpr1w500_00001818.jpg,273,37,397,316
pexels-photo-6764358jpegautocompresscstinysrgbdpr1w500_00000492.jpg,197,528,412,716
pexels-photo-6767220jpegautocompresscstinysrgbdpr1w500_00001272.jpg,108,183,396,366
pexels-photo-68433jpegautocompresscstinysrgbdpr1w500_00001133.jpg,199,59,393,218
pexels-photo-685531jpegautocompresscstinysrgbdpr1w500_00001665.jpg,161,98,357,267
pexels-photo-6869509jpegautocompresscstinysrgbdpr1w500_00001629.jpg,21,209,332,508
pexels-photo-688832jpegautocompresscstinysrgbdpr1w500_00001767.jpg,143,197,368,375
pexels-photo-6920093jpegautocompresscstinysrgbdpr1w500_00000521.jpg,87,517,286,692
pexels-photo-6921330jpegautocompresscstinysrgbdpr1w500_00001384.jpg,110,252,483,468
pexels-photo-6939054jpegautocompresscstinysrgbdpr1w500_00000516.jpg,193,586,391,750
pexels-photo-6939055jpegautocompresscstinysrgbdpr1w500_00001828.jpg,161,531,357,701
pexels-photo-6939057jpegautocompresscstinysrgbdpr1w500_00002053.jpg,120,373,381,642
pexels-photo-6939070jpegautocompresscstinysrgbdpr1w500_00001291.jpg,160,246,304,329
pexels-photo-6939101jpegautocompresscstinysrgbdpr1w500_00001280.jpg,151,586,344,694
pexels-photo-6939103jpegautocompresscstinysrgbdpr1w500_00001039.jpg,128,327,446,500
pexels-photo-6939107jpegautocompresscstinysrgbdpr1w500_00000269.jpg,72,417,492,686
pexels-photo-6939253jpegautocompresscstinysrgbdpr1w500_00000772.jpg,84,355,367,569
pexels-photo-694745jpegautocompresscstinysrgbdpr1w500_00001932.jpg,202,173,272,224
pexels-photo-695227jpegautocompresscstinysrgbdpr1w500_00001848.jpg,153,286,421,480
pexels-photo-6975403jpegautocompresscstinysrgbdpr1w500_00001299.jpg,177,168,308,263
pexels-photo-6976016jpegautocompresscstinysrgbdpr1w500_00001834.jpg,237,421,500,659
pexels-photo-6982348jpegautocompresscstinysrgbdpr1w500_00001658.jpg,200,587,500,723
pexels-photo-6982357jpegautocompresscstinysrgbdpr1w500_00001822.jpg,100,465,316,642
pexels-photo-6982360jpegautocompresscstinysrgbdpr1w500_00000503.jpg,145,437,384,605
pexels-photo-6983018jpegautocompresscstinysrgbdpr1w500_00000110.jpg,34,502,500,677
pexels-photo-698899jpegautocompresscstinysrgbdpr1w500_00000781.jpg,113,506,341,658
pexels-photo-7006169jpegautocompresscstinysrgbdpr1w500_00000941.jpg,97,317,484,679
pexels-photo-7023735jpegautocompresscstinysrgbdpr1w500_00001048.jpg,138,323,481,598
pexels-photo-7023739jpegautocompresscstinysrgbdpr1w500_00000522.jpg,274,112,500,301
pexels-photo-7109118jpegautocompresscstinysrgbdpr1w500_00001292.jpg,128,417,379,541
pexels-photo-7129531jpegautocompresscstinysrgbdpr1w500_00000517.jpg,15,180,273,293
pexels-photo-7188786jpegautocompresscstinysrgbdpr1w500_00002071.jpg,192,582,455,724
pexels-photo-718973jpegautocompresscstinysrgbdpr1w500_00001640.jpg,99,234,364,317
pexels-photo-718981jpegautocompresscstinysrgbdpr1w500_00000825.jpg,87,123,435,494
pexels-photo-7194454jpegautocompresscstinysrgbdpr1w500_00001808.jpg,117,105,371,286
pexels-photo-7228006jpegautocompresscstinysrgbdpr1w500_00000549.jpg,2,456,466,663
pexels-photo-7228007jpegautocompresscstinysrgbdpr1w500_00001358.jpg,140,374,398,604
pexels-photo-7228047jpegautocompresscstinysrgbdpr1w500_00000559.jpg,84,471,345,664
pexels-photo-7228053jpegautocompresscstinysrgbdpr1w500_00000563.jpg,25,453,375,667
pexels-photo-7230896jpegautocompresscstinysrgbdpr1w500_00001273.jpg,163,403,432,684
pexels-photo-7236132jpegautocompresscstinysrgbdpr1w500_00000495.jpg,156,117,306,303
pexels-photo-7236406jpegautocompresscstinysrgbdpr1w500_00001993.jpg,81,361,338,606
pexels-photo-7255977jpegautocompresscstinysrgbdpr1w500_00000583.jpg,202,591,305,703
pexels-photo-729903jpegautocompresscstinysrgbdpr1w500_00001161.jpg,177,212,358,519
pexels-photo-7327268jpegautocompresscstinysrgbdpr1w500_00001310.jpg,138,488,368,743
pexels-photo-7335080jpegautocompresscstinysrgbdpr1w500_00001051.jpg,167,131,377,296
pexels-photo-7335124jpegautocompresscstinysrgbdpr1w500_00000534.jpg,101,151,308,239
pexels-photo-7383133jpegautocompresscstinysrgbdpr1w500_00001222.jpg,197,72,385,264
pexels-photo-7407127jpegautocompresscstinysrgbdpr1w500_00001793.jpg,232,194,348,265
pexels-photo-7429401jpegautocompresscstinysrgbdpr1w500_00002023.jpg,217,274,382,539
pexels-photo-7434631jpegautocompresscstinysrgbdpr1w500_00000721.jpg,190,106,321,207
pexels-photo-7462557jpegautocompresscstinysrgbdpr1w500_00000550.jpg,169,137,446,333
pexels-photo-7469849jpegautocompresscstinysrgbdpr1w500_00000700.jpg,30,236,455,506
pexels-photo-7501443jpegautocompresscstinysrgbdpr1w500_00001335.jpg,29,65,451,278
pexels-photo-7501472jpegautocompresscstinysrgbdpr1w500_00000722.jpg,96,82,377,227
pexels-photo-751132jpegautocompresscstinysrgbdpr1w500_00001915.jpg,261,207,411,321
pexels-photo-7524992jpegautocompresscstinysrgbdpr1w500_00000539.jpg,37,320,415,635
pexels-photo-7524995jpegautocompresscstinysrgbdpr1w500_00000560.jpg,31,30,477,308
pexels-photo-7524998jpegautocompresscstinysrgbdpr1w500_00001322.jpg,110,113,374,302
pexels-photo-755871jpegautocompresscstinysrgbdpr1w500_00000051.jpg,169,291,332,554
pexels-photo-755871jpegautocompresscstinysrgbdpr1w500_00000793.jpg,163,296,337,576
pexels-photo-7581640jpegautocompresscstinysrgbdpr1w500_00000581.jpg,169,267,348,512
pexels-photo-7588167jpegautocompresscstinysrgbdpr1w500_00000456.jpg,178,120,387,278
pexels-photo-7588168jpegautocompresscstinysrgbdpr1w500_00000924.jpg,220,270,471,495
pexels-photo-7591360jpegautocompresscstinysrgbdpr1w500_00001239.jpg,285,191,479,321
pexels-photo-7591369jpegautocompresscstinysrgbdpr1w500_00000461.jpg,21,395,127,544
pexels-photo-7593943jpegautocompresscstinysrgbdpr1w500_00001013.jpg,116,149,402,288
pexels-photo-7602878jpegautocompresscstinysrgbdpr1w500_00000238.jpg,223,395,403,570
pexels-photo-760612jpegautocompresscstinysrgbdpr1w500_00001849.jpg,111,106,410,238
pexels-photo-7609134jpegautocompresscstinysrgbdpr1w500_00002001.jpg,222,109,489,295
pexels-photo-761859jpegautocompresscstinysrgbdpr1w500_00001067.jpg,48,187,200,301
pexels-photo-7632318jpegautocompresscstinysrgbdpr1w500_00000709.jpg,167,115,420,336
pexels-photo-7658275jpegautocompresscstinysrgbdpr1w500_00001987.jpg,202,548,340,749
pexels-photo-7668390jpegautocompresscstinysrgbdpr1w500_00001240.jpg,78,464,364,687
pexels-photo-7670023jpegautocompresscstinysrgbdpr1w500_00000249.jpg,111,199,440,289
pexels-photo-7679792jpegautocompresscstinysrgbdpr1w500_00000457.jpg,199,121,313,235
pexels-photo-7690836jpegautocompresscstinysrgbdpr1w500_00001052.jpg,101,463,500,636
pexels-photo-7711325jpegautocompresscstinysrgbdpr1w500_00000535.jpg,214,358,473,537
pexels-photo-772286jpegautocompresscstinysrgbdpr1w500_00000885.jpg,150,113,361,326
pexels-photo-7724068jpegautocompresscstinysrgbdpr1w500_00001470.jpg,70,224,427,514
pexels-photo-7739814jpegautocompresscstinysrgbdpr1w500_00000633.jpg,26,258,456,602
pexels-photo-7750060jpegautocompresscstinysrgbdpr1w500_00000710.jpg,206,435,462,624
pexels-photo-7754154jpegautocompresscstinysrgbdpr1w500_00000697.jpg,119,362,337,594
pexels-photo-7754160jpegautocompresscstinysrgbdpr1w500_00001484.jpg,347,119,468,287
pexels-photo-7828245jpegautocompresscstinysrgbdpr1w500_00000707.jpg,128,111,405,260
pexels-photo-784754jpegautocompresscstinysrgbdpr1w500_00001850.jpg,168,354,459,739
pexels-photo-7859114jpegautocompresscstinysrgbdpr1w500_00000582.jpg,160,527,323,729
pexels-photo-7869560jpegautocompresscstinysrgbdpr1w500_00000458.jpg,177,417,466,647
pexels-photo-7869605jpegautocompresscstinysrgbdpr1w500_00002003.jpg,92,368,443,593
pexels-photo-7869609jpegautocompresscstinysrgbdpr1w500_00001234.jpg,50,70,365,257
pexels-photo-7869610jpegautocompresscstinysrgbdpr1w500_00001235.jpg,25,35,359,197
pexels-photo-787593jpegautocompresscstinysrgbdpr1w500_00001933.jpg,64,13,474,333
pexels-photo-7877119jpegautocompresscstinysrgbdpr1w500_00002004.jpg,222,144,349,267
pexels-photo-7879918jpegautocompresscstinysrgbdpr1w500_00001801.jpg,172,128,307,239
pexels-photo-792174jpegautocompresscstinysrgbdpr1w500_00000866.jpg,241,475,429,712
pexels-photo-7940451jpegautocompresscstinysrgbdpr1w500_00001486.jpg,177,282,307,639
pexels-photo-7960546jpegautocompresscstinysrgbdpr1w500_00000708.jpg,66,44,360,554
pexels-photo-7963817jpegautocompresscstinysrgbdpr1w500_00001237.jpg,154,116,343,254
pexels-photo-804131jpegautocompresscstinysrgbdpr1w500_00000298.jpg,127,111,350,274
pexels-photo-8041661jpegautocompresscstinysrgbdpr1w500_00000716.jpg,149,296,500,730
pexels-photo-8058238jpegautocompresscstinysrgbdpr1w500_00000468.jpg,16,318,497,538
pexels-photo-808471jpegautocompresscstinysrgbdpr1w500_00000949.jpg,126,430,358,709
pexels-photo-8084801jpegautocompresscstinysrgbdpr1w500_00001014.jpg,185,110,466,325
pexels-photo-808948jpegautocompresscstinysrgbdpr1w500_00001851.jpg,87,580,387,720
pexels-photo-8107192jpegautocompresscstinysrgbdpr1w500_00001238.jpg,188,504,410,740
pexels-photo-8111450jpegautocompresscstinysrgbdpr1w500_00000460.jpg,98,572,474,749
pexels-photo-811179jpegautocompresscstinysrgbdpr1w500_00001436.jpg,119,551,381,728
pexels-photo-8125838jpegautocompresscstinysrgbdpr1w500_00001509.jpg,88,476,500,716
pexels-photo-812871jpegautocompresscstinysrgbdpr1w500_00000979.jpg,69,83,429,207
pexels-photo-812875jpegautocompresscstinysrgbdpr1w500_00001916.jpg,74,97,441,306
pexels-photo-8130588jpegautocompresscstinysrgbdpr1w500_00001366.jpg,75,353,394,656
pexels-photo-813283jpegautocompresscstinysrgbdpr1w500_00001760.jpg,145,218,367,333
pexels-photo-8144702jpegautocompresscstinysrgbdpr1w500_00000719.jpg,47,439,229,625
pexels-photo-8144924jpegautocompresscstinysrgbdpr1w500_00001505.jpg,82,229,163,315
pexels-photo-8147432jpegautocompresscstinysrgbdpr1w500_00000479.jpg,88,41,323,275
pexels-photo-814927jpegautocompresscstinysrgbdpr1w500_00000369.jpg,59,103,417,324
pexels-photo-818556pngautocompresscstinysrgbdpr1w500_00001142.jpg,218,252,443,333
pexels-photo-8188876jpegautocompresscstinysrgbdpr1w500_00000725.jpg,25,198,485,584
pexels-photo-8188882jpegautocompresscstinysrgbdpr1w500_00001510.jpg,60,434,402,651
pexels-photo-8188887jpegautocompresscstinysrgbdpr1w500_00000726.jpg,33,128,397,458
pexels-photo-8202835jpegautocompresscstinysrgbdpr1w500_00002026.jpg,94,462,273,617
pexels-photo-8221746jpegautocompresscstinysrgbdpr1w500_00000597.jpg,165,49,302,247
pexels-photo-8223958jpegautocompresscstinysrgbdpr1w500_00000472.jpg,134,117,230,184
pexels-photo-8224530jpegautocompresscstinysrgbdpr1w500_00000459.jpg,149,366,364,516
pexels-photo-8276592jpegautocompresscstinysrgbdpr1w500_00002008.jpg,80,519,409,709
pexels-photo-8283583jpegautocompresscstinysrgbdpr1w500_00000701.jpg,92,270,488,515
pexels-photo-829552jpegautocompresscstinysrgbdpr1w500_00000075.jpg,45,245,251,330
pexels-photo-830502jpegautocompresscstinysrgbdpr1w500_00001202.jpg,184,174,353,317
pexels-photo-8330136jpegautocompresscstinysrgbdpr1w500_00000717.jpg,86,67,245,253
pexels-photo-833165jpegautocompresscstinysrgbdpr1w500_00001917.jpg,165,581,338,730
pexels-photo-8337287jpegautocompresscstinysrgbdpr1w500_00000462.jpg,127,497,322,589
pexels-photo-8343181jpegautocompresscstinysrgbdpr1w500_00000250.jpg,85,149,315,317
pexels-photo-8372996jpegautocompresscstinysrgbdpr1w500_00001481.jpg,29,439,479,626
pexels-photo-8400219jpegautocompresscstinysrgbdpr1w500_00000146.jpg,76,293,408,587
pexels-photo-8401151jpegautocompresscstinysrgbdpr1w500_00000448.jpg,115,119,360,319
pexels-photo-8401790jpegautocompresscstinysrgbdpr1w500_00001224.jpg,155,591,245,706
pexels-photo-841128jpegautocompresscstinysrgbdpr1w500_00000015.jpg,218,61,334,235
pexels-photo-841131jpegautocompresscstinysrgbdpr1w500_00000079.jpg,331,99,435,219
pexels-photo-8412784jpegautocompresscstinysrgbdpr1w500_00000452.jpg,68,101,333,694
pexels-photo-8413741jpegautocompresscstinysrgbdpr1w500_00001795.jpg,140,171,277,282
pexels-photo-8413744jpegautocompresscstinysrgbdpr1w500_00000244.jpg,178,202,275,321
pexels-photo-8413746jpegautocompresscstinysrgbdpr1w500_00001707.jpg,118,24,404,238
pexels-photo-8413749jpegautocompresscstinysrgbdpr1w500_00002009.jpg,55,304,400,542
pexels-photo-8413755jpegautocompresscstinysrgbdpr1w500_00001016.jpg,128,164,319,321
pexels-photo-8413756jpegautocompresscstinysrgbdpr1w500_00001245.jpg,147,75,326,218
pexels-photo-8413759jpegautocompresscstinysrgbdpr1w500_00000251.jpg,158,184,298,333
pexels-photo-8413776jpegautocompresscstinysrgbdpr1w500_00001226.jpg,127,178,471,533
pexels-photo-8424396jpegautocompresscstinysrgbdpr1w500_00001478.jpg,114,334,382,546
pexels-photo-8436896jpegautocompresscstinysrgbdpr1w500_00001998.jpg,164,155,457,314
pexels-photo-8436968jpegautocompresscstinysrgbdpr1w500_00000453.jpg,178,156,404,329
pexels-photo-8436969jpegautocompresscstinysrgbdpr1w500_00001705.jpg,166,269,325,558
pexels-photo-8436974jpegautocompresscstinysrgbdpr1w500_00000449.jpg,191,211,335,288
pexels-photo-8437315jpegautocompresscstinysrgbdpr1w500_00000704.jpg,46,119,451,613
pexels-photo-8452064jpegautocompresscstinysrgbdpr1w500_00001246.jpg,88,311,371,728
pexels-photo-8453952jpegautocompresscstinysrgbdpr1w500_00000925.jpg,84,260,384,619
pexels-photo-8456072jpegautocompresscstinysrgbdpr1w500_00000847.jpg,128,28,414,324
pexels-photo-8456105jpegautocompresscstinysrgbdpr1w500_00001589.jpg,189,181,404,497
pexels-photo-8466758jpegautocompresscstinysrgbdpr1w500_00001482.jpg,137,143,391,410
pexels-photo-8476331jpegautocompresscstinysrgbdpr1w500_00002096.jpg,2,227,492,560
pexels-photo-8490865jpegautocompresscstinysrgbdpr1w500_00002014.jpg,82,43,426,333
pexels-photo-8490972jpegautocompresscstinysrgbdpr1w500_00001500.jpg,84,136,418,660
pexels-photo-8490973jpegautocompresscstinysrgbdpr1w500_00001365.jpg,95,341,449,667
pexels-photo-8497536jpegautocompresscstinysrgbdpr1w500_00000454.jpg,126,71,337,262
pexels-photo-8520352jpegautocompresscstinysrgbdpr1w500_00001012.jpg,364,192,479,381
pexels-photo-8528638jpegautocompresscstinysrgbdpr1w500_00002000.jpg,164,398,452,625
pexels-photo-8542765jpegautocompresscstinysrgbdpr1w500_00002015.jpg,19,70,288,357
pexels-photo-8543065jpegautocompresscstinysrgbdpr1w500_00000931.jpg,0,98,430,632
pexels-photo-8570888jpegautocompresscstinysrgbdpr1w500_00001311.jpg,307,224,439,333
pexels-photo-8587298jpegautocompresscstinysrgbdpr1w500_00001359.jpg,187,173,500,555
pexels-photo-8594661jpegautocompresscstinysrgbdpr1w500_00000584.jpg,71,435,377,660
pexels-photo-8603473jpegautocompresscstinysrgbdpr1w500_00001404.jpg,27,167,463,577
pexels-photo-8609105jpegautocompresscstinysrgbdpr1w500_00001231.jpg,139,85,350,302
pexels-photo-8609108jpegautocompresscstinysrgbdpr1w500_00000147.jpg,96,450,370,667
pexels-photo-8609255jpegautocompresscstinysrgbdpr1w500_00000846.jpg,107,156,254,328
pexels-photo-8638076jpegautocompresscstinysrgbdpr1w500_00000451.jpg,65,179,297,314
pexels-photo-8668482jpegautocompresscstinysrgbdpr1w500_00001483.jpg,90,187,321,333
pexels-photo-8671353jpegautocompresscstinysrgbdpr1w500_00000703.jpg,166,410,374,717
pexels-photo-8693990jpegautocompresscstinysrgbdpr1w500_00000469.jpg,136,136,282,282
pexels-photo-8709447jpegautocompresscstinysrgbdpr1w500_00000718.jpg,46,107,353,307
pexels-photo-8716969jpegautocompresscstinysrgbdpr1w500_00000586.jpg,162,534,320,739
pexels-photo-8717520jpegautocompresscstinysrgbdpr1w500_00001627.jpg,111,441,427,729
pexels-photo-8721011jpegautocompresscstinysrgbdpr1w500_00000464.jpg,140,111,235,201
pexels-photo-8722391jpegautocompresscstinysrgbdpr1w500_00001252.jpg,173,514,279,618
pexels-photo-8728434jpegautocompresscstinysrgbdpr1w500_00001996.jpg,49,97,247,333
pexels-photo-8729194jpegautocompresscstinysrgbdpr1w500_00000470.jpg,64,160,314,619
pexels-photo-8729230jpegautocompresscstinysrgbdpr1w500_00002016.jpg,181,261,489,522
pexels-photo-8744814jpegautocompresscstinysrgbdpr1w500_00001309.jpg,233,113,339,231
pexels-photo-8758892jpegautocompresscstinysrgbdpr1w500_00001804.jpg,92,218,429,519
pexels-photo-8764426jpegautocompresscstinysrgbdpr1w500_00001812.jpg,67,362,428,660
pexels-photo-8764628jpegautocompresscstinysrgbdpr1w500_00000260.jpg,216,19,354,325
pexels-photo-8788622jpegautocompresscstinysrgbdpr1w500_00001600.jpg,113,100,450,364
pexels-photo-8797943jpegautocompresscstinysrgbdpr1w500_00001492.jpg,97,496,386,667
pexels-photo-8817024jpegautocompresscstinysrgbdpr1w500_00000749.jpg,118,145,240,247
pexels-photo-8831948jpegautocompresscstinysrgbdpr1w500_00000711.jpg,246,453,487,723
pexels-photo-8846086jpegautocompresscstinysrgbdpr1w500_00000483.jpg,66,213,361,459
pexels-photo-885588jpegautocompresscstinysrgbdpr1w500_00000385.jpg,163,611,325,725
pexels-photo-8869266jpegautocompresscstinysrgbdpr1w500_00000476.jpg,96,245,229,333
pexels-photo-8872306jpegautocompresscstinysrgbdpr1w500_00002097.jpg,89,225,423,559
pexels-photo-887732jpegautocompresscstinysrgbdpr1w500_00001162.jpg,179,198,429,357
pexels-photo-8878380jpegautocompresscstinysrgbdpr1w500_00002085.jpg,65,281,326,706
pexels-photo-8878383jpegautocompresscstinysrgbdpr1w500_00001497.jpg,121,423,387,747
pexels-photo-887856jpegautocompresscstinysrgbdpr1w500_00000386.jpg,149,132,459,266
pexels-photo-8880669jpegautocompresscstinysrgbdpr1w500_00000595.jpg,94,417,429,738
pexels-photo-8888498jpegautocompresscstinysrgbdpr1w500_00000713.jpg,100,411,391,721
pexels-photo-8893711jpegautocompresscstinysrgbdpr1w500_00000715.jpg,186,240,313,365
pexels-photo-8899500jpegautocompresscstinysrgbdpr1w500_00000477.jpg,144,150,403,325
pexels-photo-8919480jpegautocompresscstinysrgbdpr1w500_00002025.jpg,178,269,352,574
pexels-photo-8919613jpegautocompresscstinysrgbdpr1w500_00001363.jpg,262,257,387,384
pexels-photo-8933057jpegautocompresscstinysrgbdpr1w500_00000106.jpg,139,255,284,489
pexels-photo-8933177jpegautocompresscstinysrgbdpr1w500_00001654.jpg,96,103,433,278
pexels-photo-8933187jpegautocompresscstinysrgbdpr1w500_00000848.jpg,75,279,231,462
pexels-photo-8940438jpegautocompresscstinysrgbdpr1w500_00001361.jpg,36,122,445,350
pexels-photo-8946842jpegautocompresscstinysrgbdpr1w500_00001507.jpg,71,618,307,750
pexels-photo-8964666jpegautocompresscstinysrgbdpr1w500_00000149.jpg,66,530,334,748
pexels-photo-897062jpegautocompresscstinysrgbdpr1w500_00000213.jpg,68,36,301,281
pexels-photo-897065jpegautocompresscstinysrgbdpr1w500_00001769.jpg,20,107,323,267
pexels-photo-8989596jpegautocompresscstinysrgbdpr1w500_00001018.jpg,46,384,438,662
pexels-photo-8989599jpegautocompresscstinysrgbdpr1w500_00001710.jpg,54,353,403,645
pexels-photo-8998423jpegautocompresscstinysrgbdpr1w500_00001496.jpg,159,264,363,496
pexels-photo-90365jpegautocompresscstinysrgbdpr1w500_00000416.jpg,235,66,463,327
pexels-photo-9036637jpegautocompresscstinysrgbdpr1w500_00001526.jpg,85,100,349,305
pexels-photo-91223jpegautocompresscstinysrgbdpr1w500_00000083.jpg,176,519,299,704
pexels-photo-913514jpegautocompresscstinysrgbdpr1w500_00001073.jpg,125,109,410,279
pexels-photo-9136217jpegautocompresscstinysrgbdpr1w500_00002088.jpg,154,491,394,610
pexels-photo-914662jpegautocompresscstinysrgbdpr1w500_00000821.jpg,259,193,434,333
pexels-photo-914667jpegautocompresscstinysrgbdpr1w500_00001728.jpg,208,229,425,323
pexels-photo-914668jpegautocompresscstinysrgbdpr1w500_00000001.jpg,118,574,340,730
pexels-photo-9158345jpegautocompresscstinysrgbdpr1w500_00001248.jpg,0,259,167,699
pexels-photo-9164741jpegautocompresscstinysrgbdpr1w500_00000926.jpg,231,489,479,642
pexels-photo-9211483jpegautocompresscstinysrgbdpr1w500_00000601.jpg,212,454,285,522
pexels-photo-9211499jpegautocompresscstinysrgbdpr1w500_00000750.jpg,164,489,325,551
pexels-photo-9211607jpegautocompresscstinysrgbdpr1w500_00001527.jpg,200,439,349,531
pexels-photo-9211635jpegautocompresscstinysrgbdpr1w500_00000751.jpg,177,460,324,536
pexels-photo-9218407jpegautocompresscstinysrgbdpr1w500_00000467.jpg,149,342,358,660
pexels-photo-9219263jpegautocompresscstinysrgbdpr1w500_00001813.jpg,66,169,282,231
pexels-photo-9225691jpegautocompresscstinysrgbdpr1w500_00001263.jpg,250,432,459,591
pexels-photo-923210jpegautocompresscstinysrgbdpr1w500_00000035.jpg,268,229,449,318
pexels-photo-923210jpegautocompresscstinysrgbdpr1w500_00000777.jpg,279,246,447,313
pexels-photo-9241609jpegautocompresscstinysrgbdpr1w500_00000602.jpg,91,396,500,544
pexels-photo-924931jpegautocompresscstinysrgbdpr1w500_00001938.jpg,46,450,198,607
pexels-photo-9251332jpegautocompresscstinysrgbdpr1w500_00000752.jpg,145,284,351,536
pexels-photo-9252330jpegautocompresscstinysrgbdpr1w500_00002083.jpg,226,269,410,474
pexels-photo-9260443jpegautocompresscstinysrgbdpr1w500_00001508.jpg,117,134,387,323
pexels-photo-928183jpegautocompresscstinysrgbdpr1w500_00000300.jpg,122,41,350,213
pexels-photo-928200jpegautocompresscstinysrgbdpr1w500_00001074.jpg,187,62,326,291
pexels-photo-9298864jpegautocompresscstinysrgbdpr1w500_00001494.jpg,45,403,326,605
pexels-photo-9306577jpegautocompresscstinysrgbdpr1w500_00001364.jpg,129,324,350,659
pexels-photo-932398jpegautocompresscstinysrgbdpr1w500_00001690.jpg,253,232,368,333
pexels-photo-9330639jpegautocompresscstinysrgbdpr1w500_00000593.jpg,14,527,359,658
pexels-photo-933355jpegautocompresscstinysrgbdpr1w500_00001852.jpg,27,159,241,297
pexels-photo-9337526jpegautocompresscstinysrgbdpr1w500_00001495.jpg,68,72,443,674
pexels-photo-9353442jpegautocompresscstinysrgbdpr1w500_00001249.jpg,104,119,354,315
pexels-photo-9400745jpegautocompresscstinysrgbdpr1w500_00001540.jpg,157,251,321,462
pexels-photo-9400747jpegautocompresscstinysrgbdpr1w500_00000766.jpg,44,290,337,431
pexels-photo-9400748jpegautocompresscstinysrgbdpr1w500_00001541.jpg,151,299,345,406
pexels-photo-9400751jpegautocompresscstinysrgbdpr1w500_00000767.jpg,180,383,353,545
pexels-photo-9400752jpegautocompresscstinysrgbdpr1w500_00001374.jpg,114,246,434,582
pexels-photo-9400754jpegautocompresscstinysrgbdpr1w500_00001529.jpg,148,239,378,461
pexels-photo-9400756jpegautocompresscstinysrgbdpr1w500_00000753.jpg,128,282,390,447
pexels-photo-9400757jpegautocompresscstinysrgbdpr1w500_00001530.jpg,133,291,447,438
pexels-photo-9400762jpegautocompresscstinysrgbdpr1w500_00000603.jpg,26,370,391,590
pexels-photo-9400763jpegautocompresscstinysrgbdpr1w500_00000754.jpg,137,262,391,483
pexels-photo-942001jpegautocompresscstinysrgbdpr1w500_00000673.jpg,164,158,297,296
pexels-photo-9499128jpegautocompresscstinysrgbdpr1w500_00000485.jpg,2,447,207,641
pexels-photo-9499139jpegautocompresscstinysrgbdpr1w500_00002034.jpg,178,222,321,295
pexels-photo-9499140jpegautocompresscstinysrgbdpr1w500_00002035.jpg,356,542,461,727
pexels-photo-9501459jpegautocompresscstinysrgbdpr1w500_00002099.jpg,97,235,419,463
pexels-photo-9503364jpegautocompresscstinysrgbdpr1w500_00000755.jpg,98,253,145,310
pexels-photo-952627jpegautocompresscstinysrgbdpr1w500_00000859.jpg,67,605,338,750
pexels-photo-952630jpegautocompresscstinysrgbdpr1w500_00000799.jpg,81,242,260,317
pexels-photo-9541179jpegautocompresscstinysrgbdpr1w500_00000768.jpg,16,18,480,320
pexels-photo-955241jpegautocompresscstinysrgbdpr1w500_00000086.jpg,165,152,302,254
pexels-photo-9629602jpegautocompresscstinysrgbdpr1w500_00000756.jpg,143,601,390,707
pexels-photo-963696jpegautocompresscstinysrgbdpr1w500_00001576.jpg,142,186,245,261
pexels-photo-9643967jpegautocompresscstinysrgbdpr1w500_00000770.jpg,70,477,233,636
pexels-photo-966380jpegautocompresscstinysrgbdpr1w500_00001164.jpg,121,124,393,305
pexels-photo-9674488jpegautocompresscstinysrgbdpr1w500_00001544.jpg,93,260,392,505
pexels-photo-9692160jpegautocompresscstinysrgbdpr1w500_00000771.jpg,3,283,485,543
pexels-photo-970374jpegautocompresscstinysrgbdpr1w500_00000867.jpg,126,604,398,750
pexels-photo-972513jpegautocompresscstinysrgbdpr1w500_00000909.jpg,208,34,369,247
pexels-photo-9742518jpegautocompresscstinysrgbdpr1w500_00000282.jpg,17,396,467,634
pexels-photo-977909jpegautocompresscstinysrgbdpr1w500_00001973.jpg,70,520,428,701
pexels-photo-977920jpegautocompresscstinysrgbdpr1w500_00001786.jpg,216,230,380,318
pexels-photo-981254jpegautocompresscstinysrgbdpr1w500_00000426.jpg,167,176,320,291
pexels-photo-986836jpegautocompresscstinysrgbdpr1w500_00000087.jpg,177,141,377,313
pexels-photo-9875087jpegautocompresscstinysrgbdpr1w500_00001533.jpg,143,278,458,545
pexels-photo-993870jpegautocompresscstinysrgbdpr1w500_00001584.jpg,224,419,364,742
pexels-photo-993873jpegautocompresscstinysrgbdpr1w500_00000886.jpg,179,508,447,689
pexels-photo-9940540jpegautocompresscstinysrgbdpr1w500_00001815.jpg,47,165,402,401
pexels-photo-9944781jpegautocompresscstinysrgbdpr1w500_00001264.jpg,102,224,374,532
pexels-photo-996173jpegautocompresscstinysrgbdpr1w500_00001854.jpg,27,507,235,712
pexels-photo-9963443jpegautocompresscstinysrgbdpr1w500_00000761.jpg,202,388,363,628
pexels-photo-9968526jpegautocompresscstinysrgbdpr1w500_00002075.jpg,121,241,322,333
pexels-photo-9968528jpegautocompresscstinysrgbdpr1w500_00001837.jpg,236,643,360,750
pexels-photo-9969104jpegautocompresscstinysrgbdpr1w500_00001534.jpg,240,434,499,569
pexels-photo-9978317jpegautocompresscstinysrgbdpr1w500_00001030.jpg,29,452,409,620
pexels-photo-999455jpegautocompresscstinysrgbdpr1w500_00000303.jpg,84,115,420,317
pexels-photojpgautocompresscstinysrgbdpr1w500_00000538.jpg,154,210,333,290
shoes-colorful-design-paintedjpgautocompresscstinysrgbdpr1w500_00002111.jpg,96,69,324,286
vintage-shoes-old-bootsjpgautocompresscstinysrgbdpr1w500_00001451.jpg,69,37,477,737
woman-wearing-sport-shoesjpgb1s612x612w0k20cX8NIp4hVEd04uz6-4kruDltAC9Yh-Iqty7-MS4ZPu1w_00000045.jpg,305,305,488,406
woman-wearing-sport-shoesjpgb1s612x612w0k20cX8NIp4hVEd04uz6-4kruDltAC9Yh-Iqty7-MS4ZPu1w_00000062.jpg,308,311,502,406
young-fitness-female-runner-legs-ready-for-run-on-forest-trailjpgb1s612x612w0k20c7-iVurQZUhbcQofedkGFx2-sUJ4L0kpK2ke0FES2ubs_00000063.jpg,47,162,244,333
young-woman-runner-tying-her-shoes-preparing-for-a-jog-outside-at-morningjpgb1s612x612w0k20c05IecSQB0d01gn3nta2QloP9fLL8T2KLPRHe4ZuCzkM_00000903.jpg,111,115,248,257
